name,url,phone,street_address,city,state,postal_code,country,latitude,longitude,currency,low_price,high_price,amenities,image_url,nearestShuttleComment,nearestTransitComment
Artix,https://www.apartments.com/artix-seattle-wa/3v4ms5d/,,400 Queen Anne Ave N,Seattle,WA,98109,US,,,USD,,,,,Takes 0.6 mins to the nearest Microsoft shuttle stop at Queen Anne Ave N & W Harrison St,
AMLI Wallingford,https://www.apartments.com/amli-wallingford-seattle-wa/sk5j017/,,1850 N 34th St,Seattle,WA,98103,US,,,USD,,,,,Takes 0.9 mins to the nearest Microsoft shuttle stop at N 34th St & Wallingford Ave N,
Marlowe,https://www.apartments.com/marlowe-seattle-wa/7n52vsx/,,1146 Harrison St,Seattle,WA,98121,US,,,USD,,,,,Takes 1.1 mins to the nearest Microsoft shuttle stop at Harrison St & Boren Ave N,
Astro,https://www.apartments.com/astro-seattle-wa/zlt3kyz/,4255332551,315 1st Ave N,Seattle,WA,98109,US,,,USD,,,,,Takes 1.1 mins to the nearest Microsoft shuttle stop at Queen Anne Ave N & W Harrison St,
Via 6,https://www.apartments.com/via-6-seattle-wa/kcfv0lc/,,2121 6th Ave,Seattle,WA,98121,US,,,USD,,,,,Takes 1.4 mins to the nearest Microsoft shuttle stop at Lenora St & 6th Ave,
Vibe Apartments,https://www.apartments.com/vibe-apartments-seattle-wa/esgt2vq/,4256589356,3601 Greenwood Ave N,Seattle,WA,98103,US,,,USD,,,,,Takes 1.5 mins to the nearest Microsoft shuttle stop at Phinney Ave N & N 36th St,
Dexter Lake Union,https://www.apartments.com/dexter-lake-union-seattle-wa/94bqjf6/,4255228374,1211-1215 Dexter Ave N,Seattle,WA,98109,US,,,USD,,,,,Takes 1.5 mins to the nearest Microsoft shuttle stop at 1101 Dexter Ave N,
Dimension,https://www.apartments.com/dimension-seattle-wa/01kp2y3/,2064893765,225 Cedar St,Seattle,WA,98121,US,,,USD,,,,,Takes 1.7 mins to the nearest Microsoft shuttle stop at Cedar St & 2nd Ave,
Smith &amp;amp; Burns,https://www.apartments.com/smith-burns-seattle-wa/7ybzqtw/,2064517916,4455 Interlake Ave N,Seattle,WA,98103,US,,,USD,,,,,Takes 1.8 mins to the nearest Microsoft shuttle stop at N 45th St & Stone Way N,
Westlake Steps,https://www.apartments.com/westlake-steps-seattle-wa/9wpsv97/,,1207 Westlake Ave N,Seattle,WA,98109,US,,,USD,,,,,Takes 2.4 mins to the nearest Microsoft shuttle stop at 1101 Dexter Ave N,
Leeward,https://www.apartments.com/leeward-seattle-wa/yqyql2t/,,1305 Dexter Ave N,Seattle,WA,98109,US,,,USD,,,,,Takes 2.7 mins to the nearest Microsoft shuttle stop at 1101 Dexter Ave N,
Ascent South Lake Union,https://www.apartments.com/ascent-south-lake-union-seattle-wa/gg967yx/,,1145 Republican St,Seattle,WA,98109,US,,,USD,,,,,Takes 2.8 mins to the nearest Microsoft shuttle stop at Harrison St & Boren Ave N,
Avalon Belltown Towers,https://www.apartments.com/avalon-belltown-towers-seattle-wa/lqg6zxd/,,210 Wall St,Seattle,WA,98121,US,,,USD,,,,,Takes 3.1 mins to the nearest Microsoft shuttle stop at Cedar St & 2nd Ave,
Chroma,https://www.apartments.com/chroma-seattle-wa/53ysvvn/,4255987727,1212 Harrison St,Seattle,WA,98109,US,,,USD,,,,,Takes 3.2 mins to the nearest Microsoft shuttle stop at Harrison St & Boren Ave N,
Counterbalance Apartments,https://www.apartments.com/counterbalance-apartments-seattle-wa/bmmehb9/,2064960278,315 1st Ave W,Seattle,WA,98119,US,,,USD,,,,,Takes 3.2 mins to the nearest Microsoft shuttle stop at Queen Anne Ave N & W Harrison St,
Arriv&amp;#233;,https://www.apartments.com/arrive-seattle-wa/91t6ym4/,,2116 4th Ave,Seattle,WA,98121,US,,,USD,,,,,Takes 3.3 mins to the nearest Microsoft shuttle stop at Lenora St & 6th Ave,
Novi at Queen Anne,https://www.apartments.com/novi-at-queen-anne-seattle-wa/kgz15p9/,,312 2nd Ave W,Seattle,WA,98119,US,,,USD,,,,,Takes 3.4 mins to the nearest Microsoft shuttle stop at Queen Anne Ave N & W Harrison St,
Alcyone,https://www.apartments.com/alcyone-seattle-wa/gxmy4jw/,4255227869,301 Minor Ave N,Seattle,WA,98109,US,,,USD,,,,,Takes 3.8 mins to the nearest Microsoft shuttle stop at Harrison St & Boren Ave N,
Neptune SLU Apartments,https://www.apartments.com/neptune-slu-apartments-seattle-wa/dbk4zzk/,2062225395,912 Dexter Ave N,Seattle,WA,98109,US,,,USD,,,,,Takes 3.9 mins to the nearest Microsoft shuttle stop at 1101 Dexter Ave N,
Onni South Lake Union,https://www.apartments.com/onni-south-lake-union-seattle-wa/m93gvph/,,112 Boren Ave N,Seattle,WA,98109,US,,,USD,,,,,Takes 4 mins to the nearest Microsoft shuttle stop at Harrison St & Boren Ave N,
The Hayes on Stone Way,https://www.apartments.com/the-hayes-on-stone-way-seattle-wa/57zcdkm/,,3627 Stone Way N,Seattle,WA,98103,US,,,USD,,,,,Takes 4.1 mins to the nearest Microsoft shuttle stop at N 35th St & Woodland Park Ave N,
Met Tower,https://www.apartments.com/met-tower-seattle-wa/qjgvn6y/,,1942-1942 Westlake Ave,Seattle,WA,98101,US,,,USD,,,,,Takes 4.2 mins to the nearest Microsoft shuttle stop at Lenora St & 6th Ave,
Velo and Ray,https://www.apartments.com/velo-and-ray-seattle-wa/h4x54t2/,5093484671,3636 Stone Way N,Seattle,WA,98103,US,,,USD,,,,,Takes 4.3 mins to the nearest Microsoft shuttle stop at N 35th St & Woodland Park Ave N,
Gables Queen Anne,https://www.apartments.com/gables-queen-anne-seattle-wa/vh40zlg/,,21 Boston St,Seattle,WA,98109,US,,,USD,,,,,Takes 4.4 mins to the nearest Microsoft shuttle stop at 9 W McGraw St,
AJ,https://www.apartments.com/aj-seattle-wa/n6erncm/,4255295734,4505 42nd Ave SW,Seattle,WA,98116,US,,,USD,,,,,Takes 4.6 mins to the nearest Microsoft shuttle stop at 4400 42nd Ave SW,
2900 on First,https://www.apartments.com/2900-on-first-seattle-wa/6bc5xqv/,8777346710,2900 1st Ave,Seattle,WA,98121,US,,,USD,,,,,Takes 4.6 mins to the nearest Microsoft shuttle stop at Cedar St & 2nd Ave,
First Light,https://www.apartments.com/first-light-seattle-wa/0d0eb60/,2065934350,300 Virginia St,Seattle,WA,98101,US,,,USD,,,Pool,,Takes 4.7 mins to the nearest Microsoft shuttle stop at Lenora St & 6th Ave,
Centennial Tower &amp;amp; Court,https://www.apartments.com/centennial-tower-court-seattle-wa/49dmkrl/,,2515 4th Ave,Seattle,WA,98121,US,,,USD,,,,,Takes 4.7 mins to the nearest Microsoft shuttle stop at Cedar St & 2nd Ave,
The Cline,https://www.apartments.com/the-cline-seattle-wa/jtjckp6/,2066357916,3665 Stone Way N,Seattle,WA,98103,US,,,USD,,,,,Takes 4.7 mins to the nearest Microsoft shuttle stop at N 35th St & Woodland Park Ave N,
Marq 211,https://www.apartments.com/marq-211-seattle-wa/66mq35t/,,211 Lenora St,Seattle,WA,98121,US,,,USD,,,,,Takes 4.8 mins to the nearest Microsoft shuttle stop at Lenora St & 6th Ave,
Stack House,https://www.apartments.com/stack-house-seattle-wa/r9splt0/,,1280 Harrison St,Seattle,WA,98109,US,,,USD,,,,,Takes 4.9 mins to the nearest Microsoft shuttle stop at Harrison St & Boren Ave N,
Zella Apartments,https://www.apartments.com/zella-apartments-seattle-wa/fbcpdps/,2068990948,429 2nd Ave W,Seattle,WA,98119,US,,,USD,,,,,Takes 4.9 mins to the nearest Microsoft shuttle stop at Queen Anne Ave N & W Harrison St,
The Shelby Apartments,https://www.apartments.com/the-shelby-apartments-seattle-wa/cd611cd/,,2201 4th Ave,Seattle,WA,98121,US,,,USD,,,,,Takes 5 mins to the nearest Microsoft shuttle stop at Lenora St & 6th Ave,
Kaye,https://www.apartments.com/kaye-seattle-wa/svne367/,,2208 4th Ave,Seattle,WA,98121,US,,,USD,,,,,Takes 5.1 mins to the nearest Microsoft shuttle stop at Lenora St & 6th Ave,
McKenzie,https://www.apartments.com/mckenzie-seattle-wa/tc4dx7b/,,2202 Eighth Ave,Seattle,WA,98121,US,,,USD,,,,,Takes 5.1 mins to the nearest Microsoft shuttle stop at Lenora St & 6th Ave,
Sitka,https://www.apartments.com/sitka-seattle-wa/5235n3m/,,1255 Harrison St,Seattle,WA,98109,US,,,USD,,,,,Takes 5.4 mins to the nearest Microsoft shuttle stop at Harrison St & Boren Ave N,
Queen Anne Collection,https://www.apartments.com/queen-anne-collection-seattle-wa/zg71yyx/,2062073046,1900 Queen Anne Ave N,Seattle,WA,98109,US,,,USD,,,,,Takes 5.5 mins to the nearest Microsoft shuttle stop at 9 W McGraw St,
Olympus,https://www.apartments.com/olympus-seattle-wa/vyeqn7d/,2062225194,2801 Western Ave,Seattle,WA,98121,US,,,USD,,,,,Takes 5.6 mins to the nearest Microsoft shuttle stop at Cedar St & 2nd Ave,
Roystone,https://www.apartments.com/roystone-seattle-wa/prp3nev/,,5 W Roy St,Seattle,WA,98119,US,,,USD,,,,,Takes 5.6 mins to the nearest Microsoft shuttle stop at Queen Anne Ave N & W Harrison St,
Sidney Apartments,https://www.apartments.com/sidney-apartments-seattle-wa/wnwrg5l/,,400 Wall St,Seattle,WA,98121,US,,,USD,,,,,Takes 5.7 mins to the nearest Microsoft shuttle stop at Cedar St & 2nd Ave,
3ZERO3,https://www.apartments.com/3zero3-seattle-wa/m9j2rwh/,,303 Battery St,Seattle,WA,98121,US,,,USD,,,,,Takes 5.8 mins to the nearest Microsoft shuttle stop at Cedar St & 2nd Ave,
206 Bell Apartments,https://www.apartments.com/206-bell-apartments-seattle-wa/3v1hy4e/,,206 Bell St,Seattle,WA,98121,US,,,USD,,,,,Takes 6.1 mins to the nearest Microsoft shuttle stop at Cedar St & 2nd Ave,
Axis,https://www.apartments.com/axis-seattle-wa/8j6c370/,,123 2nd Ave N,Seattle,WA,98109,US,,,USD,,,,,Takes 6.2 mins to the nearest Microsoft shuttle stop at Cedar St & 2nd Ave,
Chic Wallingford townhouse near Gas Works Park,https://www.apartments.com/chic-wallingford-townhouse-near-gas-works-park-seattle-wa/se2kbg6/,,3640 Interlake Ave N,Seattle,WA,98103,US,,,USD,,,,,Takes 6.4 mins to the nearest Microsoft shuttle stop at N 35th St & Woodland Park Ave N,
AMLI South Lake Union,https://www.apartments.com/amli-south-lake-union-seattle-wa/wec85fk/,,1260 Republican St,Seattle,WA,98109,US,,,USD,,,,,Takes 6.5 mins to the nearest Microsoft shuttle stop at Harrison St & Boren Ave N,
One Lakefront,https://www.apartments.com/one-lakefront-seattle-wa/7yvbetw/,2062225493,1287 Westlake Ave N,Seattle,WA,98109,US,,,USD,,,,,Takes 6.5 mins to the nearest Microsoft shuttle stop at 1101 Dexter Ave N,
Tower 12,https://www.apartments.com/tower-12-seattle-wa/sx3e5w7/,,2015 2nd Ave,Seattle,WA,98121,US,,,USD,,,,,Takes 6.6 mins to the nearest Microsoft shuttle stop at Lenora St & 6th Ave,
Aperture on Fifth,https://www.apartments.com/aperture-on-fifth-seattle-wa/wq94pvl/,2064830174,206 5th Ave N,Seattle,WA,98109,US,,,USD,,,,,Takes 6.6 mins to the nearest Microsoft shuttle stop at Cedar St & 2nd Ave,
REN,https://www.apartments.com/ren-seattle-wa/6g8h8hr/,,2014 Fairview Ave,Seattle,WA,98121,US,,,USD,,,,,Takes 6.7 mins to the nearest Microsoft shuttle stop at Harrison St & Boren Ave N,
1075 Lenora,https://www.apartments.com/1075-lenora-seattle-wa/qp9nbjz/,8669922595,1075 Lenora St,Seattle,WA,98121,US,,,USD,,,Pets Allowed; Fitness Center; Pool; In Unit Washer &amp; Dryer,,Takes 6.7 mins to the nearest Microsoft shuttle stop at Lenora St & 6th Ave,
Mercerview Apartments,https://www.apartments.com/mercerview-apartments-seattle-wa/93v6nz6/,2065573763,1200 Mercer St,Seattle,WA,98109,US,,,USD,,,,,Takes 6.8 mins to the nearest Microsoft shuttle stop at Harrison St & Boren Ave N,
Moda,https://www.apartments.com/moda-seattle-wa/nlqgvcm/,2062226347,2312 3rd Ave,Seattle,WA,98121,US,,,USD,,,,,Takes 6.9 mins to the nearest Microsoft shuttle stop at Cedar St & 2nd Ave,
Welcome to Dexter Hayes! Modern convenience with exceptional views!,https://www.apartments.com/welcome-to-dexter-hayes-modern-convenience-with-exceptional-views-seattle-wa/f00tvjr/,2065934220,1701 Dexter Ave N,Seattle,WA,98109,US,,,USD,,,,,Takes 6.9 mins to the nearest Microsoft shuttle stop at 1101 Dexter Ave N,
Broadstone Vin,https://www.apartments.com/broadstone-vin-seattle-wa/wss2s7l/,2066812849,4106 N Stone Way,Seattle,WA,98103,US,,,USD,,,,,Takes 7 mins to the nearest Microsoft shuttle stop at N 45th St & Stone Way N,
Rollin Street Flats,https://www.apartments.com/rollin-street-flats-seattle-wa/hjg8c83/,,120 Westlake Ave,Seattle,WA,98109,US,,,USD,,,,,Takes 7.1 mins to the nearest Microsoft shuttle stop at Harrison St & Boren Ave N,
Epicenter,https://www.apartments.com/epicenter-seattle-wa/j3dvz74/,2068956408,620 N 34th St,Seattle,WA,98103,US,,,USD,,,,,Takes 7.1 mins to the nearest Microsoft shuttle stop at Phinney Ave N & N 36th St,
The Confidential,https://www.apartments.com/the-confidential-seattle-wa/cweh7dg/,,2315 4th Ave,Seattle,WA,98121,US,,,USD,,,,,Takes 7.2 mins to the nearest Microsoft shuttle stop at Cedar St & 2nd Ave,
Milan Apartments,https://www.apartments.com/milan-apartments-seattle-wa/brpjwt8/,4254488662,4300 Aurora Ave N,Seattle,WA,98103,US,,,USD,,,,,Takes 7.3 mins to the nearest Microsoft shuttle stop at N 45th St & Stone Way N,
The Goodwin,https://www.apartments.com/the-goodwin-seattle-wa/2mf35fc/,2069059125,2233 1st Ave,Seattle,WA,98121,US,,,USD,,,,,Takes 7.3 mins to the nearest Microsoft shuttle stop at Cedar St & 2nd Ave,
2nd and John,https://www.apartments.com/2nd-and-john-seattle-wa/1cdhg97/,4255228850,200 2nd Ave W,Seattle,WA,98119,US,,,USD,,,,,Takes 7.3 mins to the nearest Microsoft shuttle stop at Queen Anne Ave N & W Harrison St,
Orion,https://www.apartments.com/orion-seattle-wa/sjcjs87/,8666116547,910 John St,Seattle,WA,98109,US,,,USD,,,,,Takes 7.4 mins to the nearest Microsoft shuttle stop at Harrison St & Boren Ave N,
Fountain Court,https://www.apartments.com/fountain-court-seattle-wa/renq601/,4255228687,2400 4th Ave,Seattle,WA,98121,US,,,USD,,,,,Takes 7.4 mins to the nearest Microsoft shuttle stop at Cedar St & 2nd Ave,
Skye Apartments,https://www.apartments.com/skye-apartments-seattle-wa/cvvye8f/,,500 Wall St,Seattle,WA,98121,US,,,USD,,,,,Takes 7.5 mins to the nearest Microsoft shuttle stop at Lenora St & 6th Ave,
The Ivey on Boren,https://www.apartments.com/the-ivey-on-boren-seattle-wa/738xtcx/,,2019 Boren Ave,Seattle,WA,98121,US,,,USD,,,,,Takes 7.5 mins to the nearest Microsoft shuttle stop at Lenora St & 6th Ave,
110 Roy Apartments,https://www.apartments.com/110-roy-apartments-seattle-wa/swv1xf7/,,110 Roy St,Seattle,WA,98109,US,,,USD,,,,,Takes 7.8 mins to the nearest Microsoft shuttle stop at Queen Anne Ave N & W Harrison St,
Mark on 8th,https://www.apartments.com/mark-on-8th-seattle-wa/j0fwr05/,2066871175,285 8th Ave N,Seattle,WA,98109,US,,,USD,,,,,Takes 7.8 mins to the nearest Microsoft shuttle stop at Harrison St & Boren Ave N,
Tellus on Dexter,https://www.apartments.com/tellus-on-dexter-seattle-wa/2t6p4k8/,,403 Dexter Ave N,Seattle,WA,98109,US,,,USD,,,,,Takes 7.8 mins to the nearest Microsoft shuttle stop at Harrison St & Boren Ave N,
The Summit at Lake Union,https://www.apartments.com/the-summit-at-lake-union-seattle-wa/l70dyjd/,2064721087,1735 Dexter Ave N,Seattle,WA,98109,US,,,USD,,,,,Takes 8.1 mins to the nearest Microsoft shuttle stop at 1101 Dexter Ave N,
Skyglass,https://www.apartments.com/skyglass-seattle-wa/zrx1t0z/,,757 Thomas St,Seattle,WA,98109,US,,,USD,,,,,Takes 8.3 mins to the nearest Microsoft shuttle stop at Harrison St & Boren Ave N,
Viktoria,https://www.apartments.com/viktoria-seattle-wa/vhsqwbf/,2062101414,1915 2nd Ave,Seattle,WA,98101,US,,,USD,,,,,Takes 8.3 mins to the nearest Microsoft shuttle stop at Lenora St & 6th Ave,
The Waverly,https://www.apartments.com/the-waverly-seattle-wa/pfdbj8s/,,210 8th Ave N,Seattle,WA,98109,US,,,USD,,,,,Takes 8.4 mins to the nearest Microsoft shuttle stop at Harrison St & Boren Ave N,
The Olivian,https://www.apartments.com/the-olivian-seattle-wa/srj9ny6/,2062101829,809 Olive Way,Seattle,WA,98101,US,,,USD,,,,,Takes 8.4 mins to the nearest Microsoft shuttle stop at Lenora St & 6th Ave,
1611 on Lake Union,https://www.apartments.com/1611-on-lake-union-seattle-wa/9s1w957/,2065892393,1611 8th Ave N,Seattle,WA,98109,US,,,USD,,,,,Takes 8.4 mins to the nearest Microsoft shuttle stop at 1101 Dexter Ave N,
Grand Vue Lofts,https://www.apartments.com/grand-vue-lofts-seattle-wa/53s4r4p/,5736159867,4035 Stone Way N,Seattle,WA,98103,US,,,USD,,,,,Takes 8.7 mins to the nearest Microsoft shuttle stop at N 45th St & Stone Way N,
Eclipse Fremont Apartments,https://www.apartments.com/eclipse-fremont-apartments-seattle-wa/95ct8k6/,,909 N 39th St,Seattle,WA,98103,US,,,USD,,,,,Takes 8.9 mins to the nearest Microsoft shuttle stop at N 35th St & Woodland Park Ave N,
Griffis Belltown,https://www.apartments.com/griffis-belltown-seattle-wa/wp85ysj/,,2400 Elliott Ave,Seattle,WA,98121,US,,,USD,,,,,Takes 8.9 mins to the nearest Microsoft shuttle stop at Cedar St & 2nd Ave,
Modera South Lake Union,https://www.apartments.com/modera-south-lake-union-seattle-wa/mdyqhmj/,,435 Dexter Ave N,Seattle,WA,98109,US,,,USD,,,,,Takes 8.9 mins to the nearest Microsoft shuttle stop at Harrison St & Boren Ave N,
624 Yale,https://www.apartments.com/624-yale-seattle-wa/8k03zd2/,,624 Yale Ave N,Seattle,WA,98109,US,,,USD,,,,,Takes 9.2 mins to the nearest Microsoft shuttle stop at Harrison St & Boren Ave N,
Nine and Pine,https://www.apartments.com/nine-and-pine-seattle-wa/ebf0nwn/,2062024771,1601 9th Ave,Seattle,WA,98101,US,,,USD,,,,,Takes 9.9 mins to the nearest Microsoft shuttle stop at Lenora St & 6th Ave,
Helios,https://www.apartments.com/helios-seattle-wa/qb5scwx/,2062102560,1600 2nd Ave,Seattle,WA,98101,US,,,USD,,,,,Takes 10 mins to the nearest Microsoft shuttle stop at Lenora St & 6th Ave,
Sequel,https://www.apartments.com/sequel-seattle-wa/g7ktb5y/,,1900 1st Ave,Seattle,WA,98101,US,,,USD,,,,,Takes 10 mins to the nearest Microsoft shuttle stop at Lenora St & 6th Ave,
4730 California,https://www.apartments.com/4730-california-seattle-wa/frvvjxr/,2067178798,4730 California Ave SW,Seattle,WA,98116,US,,,USD,,,,,Takes 10.2 mins to the nearest Microsoft shuttle stop at 4400 42nd Ave SW,
Kinects Tower,https://www.apartments.com/kinects-tower-seattle-wa/59r318n/,,1823 Minor Ave,Seattle,WA,98101,US,,,USD,,,,,Takes 10.3 mins to the nearest Microsoft shuttle stop at Harrison St & Boren Ave N,
Elan 41,https://www.apartments.com/elan-41-seattle-wa/84egbw0/,,4100 SW Edmunds St SW,Seattle,WA,98116,US,,,USD,,,,,Takes 10.4 mins to the nearest Microsoft shuttle stop at 4400 42nd Ave SW,
Oceana,https://www.apartments.com/oceana-seattle-wa/4n7xxvh/,8557432084,2300 Elliott Ave,Seattle,WA,98121,US,,,USD,,,,,Takes 10.5 mins to the nearest Microsoft shuttle stop at Cedar St & 2nd Ave,
Premiere on Pine,https://www.apartments.com/premiere-on-pine-seattle-wa/rzcc5x1/,,1525 9th Ave,Seattle,WA,98101,US,,,USD,,,,,Takes 10.6 mins to the nearest Microsoft shuttle stop at Lenora St & 6th Ave,
Center Steps,https://www.apartments.com/center-steps-seattle-wa/j2gln57/,,225 Roy St,Seattle,WA,98109,US,,,USD,,,,,Takes 10.6 mins to the nearest Microsoft shuttle stop at Queen Anne Ave N & W Harrison St,
Elara at the Market,https://www.apartments.com/elara-at-the-market-seattle-wa/15vbwd5/,,2134 Western Ave,Seattle,WA,98121,US,,,USD,,,,,Takes 10.7 mins to the nearest Microsoft shuttle stop at Cedar St & 2nd Ave,
The Eden,https://www.apartments.com/the-eden-seattle-wa/0ssts93/,2062089767,602-602 Galer St,Seattle,WA,98109,US,,,USD,,,,,Takes 10.8 mins to the nearest Microsoft shuttle stop at 1101 Dexter Ave N,
Elliott Pointe,https://www.apartments.com/elliott-pointe-seattle-wa/g0wwkhz/,2062078542,2226 Elliott Ave,Seattle,WA,98121,US,,,USD,,,,,Takes 11.6 mins to the nearest Microsoft shuttle stop at Cedar St & 2nd Ave,
The Residences at Rainier Square,https://www.apartments.com/the-residences-at-rainier-square-seattle-wa/jzf4ey5/,,1340 4th Ave,Seattle,WA,98101,US,,,USD,,,,,Takes 12.8 mins to the nearest Microsoft shuttle stop at Lenora St & 6th Ave,
Link,https://www.apartments.com/link-seattle-wa/fxs5z3t/,,4550 38th Ave SW,Seattle,WA,98126,US,,,USD,,,,,Takes 13.6 mins to the nearest Microsoft shuttle stop at 4400 42nd Ave SW,
Maris,https://www.apartments.com/maris-seattle-wa/cp18f9d/,2068662048,4722 Fauntleroy Way SW,Seattle,WA,98116,US,,,USD,,,,,Takes 13.7 mins to the nearest Microsoft shuttle stop at 4400 42nd Ave SW,
The LeeAnn,https://www.apartments.com/the-leeann-seattle-wa/65vf8st/,,701 5th Ave N,Seattle,WA,98109,US,,,USD,,,,,Takes 14 mins to the nearest Microsoft shuttle stop at 1101 Dexter Ave N,
AVIA on Pike Street,https://www.apartments.com/avia-on-pike-street-seattle-wa/p16bq6v/,,1011 Pike St,Seattle,WA,98101,US,,,USD,,,,,Takes 14.2 mins to the nearest Microsoft shuttle stop at Lenora St & 6th Ave,
Residences at 3295,https://www.apartments.com/residences-at-3295-seattle-wa/x5l44yq/,8446982519,3295 SW Avalon Way,Seattle,WA,98126,US,,,USD,,,,,Takes 14.2 mins to the nearest Microsoft shuttle stop at 4400 42nd Ave SW,
Pivot Apartments,https://www.apartments.com/pivot-apartments-seattle-wa/382xxsg/,,1208 Pine St,Seattle,WA,98101,US,,,USD,,,,,Takes 14.3 mins to the nearest Microsoft shuttle stop at Lenora St & 6th Ave,
Forge West Seattle,https://www.apartments.com/forge-west-seattle-seattle-wa/pns15wr/,,4435 35th Ave SW,Seattle,WA,98126,US,,,USD,,,,,Takes 14.5 mins to the nearest Microsoft shuttle stop at 4400 42nd Ave SW,
The Exeter,https://www.apartments.com/the-exeter-seattle-wa/kr9lyg9/,2066871028,720 Seneca St,Seattle,WA,98101,US,,,USD,,,,,Takes 14.8 mins to the nearest Microsoft shuttle stop at Lenora St & 6th Ave,
Skyline House Apartments,https://www.apartments.com/skyline-house-apartments-seattle-wa/sz40d85/,2062077385,600 W Olympic Pl,Seattle,WA,98119,US,,,USD,,,,,Takes 15.2 mins to the nearest Microsoft shuttle stop at Queen Anne Ave N & W Harrison St,
Ovation,https://www.apartments.com/ovation-seattle-wa/5psz1jn/,,702 Spring St,Seattle,WA,98104,US,,,USD,,,,,Takes 15.7 mins to the nearest Microsoft shuttle stop at Lenora St & 6th Ave,
Nova,https://www.apartments.com/nova-seattle-wa/zhfzv0x/,2067370846,4600 36th Ave SW,Seattle,WA,98126,US,,,USD,,,,,Takes 15.7 mins to the nearest Microsoft shuttle stop at 4400 42nd Ave SW,
Cielo,https://www.apartments.com/cielo-seattle-wa/teysb79/,,800 Seneca St,Seattle,WA,98101,US,,,USD,,,,,Takes 15.8 mins to the nearest Microsoft shuttle stop at Lenora St & 6th Ave,
Lightbox,https://www.apartments.com/lightbox-seattle-wa/np3qvbp/,,4545 8th Ave NE,Seattle,WA,98105,US,,,USD,,,,,Takes 15.9 mins to the nearest Microsoft shuttle stop at N 45th St & Bagley Ave N,
Marq West Seattle,https://www.apartments.com/marq-west-seattle-seattle-wa/rqnp6r1/,,3261 SW Avalon Way,Seattle,WA,98126,US,,,USD,,,,,Takes 16 mins to the nearest Microsoft shuttle stop at 4400 42nd Ave SW,
The Kennedy Building,https://www.apartments.com/the-kennedy-building-seattle-wa/fd6hspr/,,907 NE 45th St,Seattle,WA,98105,US,,,USD,,,,,Takes 16.5 mins to the nearest Microsoft shuttle stop at N 45th St & Bagley Ave N,
Viewmont Apartments,https://www.apartments.com/viewmont-apartments-seattle-wa/wz4wr5h/,2065903044,219 Bellevue Ave E,Seattle,WA,98102,US,,,USD,,,,,Takes 16.7 mins to the nearest Microsoft shuttle stop at Harrison St & Boren Ave N,
110 NE 40th St,https://www.apartments.com/110-ne-40th-st-seattle-wa/spfnzx4/,4256967638,110 NE 40th St,Seattle,WA,98105,US,,,USD,,,,,Takes 16.8 mins to the nearest Microsoft shuttle stop at N 45th St & Bagley Ave N,
Hawthorne Apartments,https://www.apartments.com/hawthorne-apartments-seattle-wa/cq7qzre/,,1618 Bellevue Ave,Seattle,WA,98122,US,,,USD,,,,,Takes 16.8 mins to the nearest Microsoft shuttle stop at Lenora St & 6th Ave,
Martinique,https://www.apartments.com/martinique-seattle-wa/vlklcyf/,2069227960,2122 8th Ave N,Seattle,WA,98109,US,,,USD,,,,,Takes 16.8 mins to the nearest Microsoft shuttle stop at 1101 Dexter Ave N,
The Mill at First Hill,https://www.apartments.com/the-mill-at-first-hill-seattle-wa/3z5s8mg/,2068097391,1000 8th Ave,Seattle,WA,98104,US,,,USD,,,,,Takes 17.1 mins to the nearest Microsoft shuttle stop at Lenora St & 6th Ave,
Jet on Boylston,https://www.apartments.com/jet-on-boylston-seattle-wa/6l1vy0r/,8443258931,1820 Boylston Ave,Seattle,WA,98122,US,,,USD,,,,,Takes 18.1 mins to the nearest Microsoft shuttle stop at Harrison St & Boren Ave N,
Zephyr Apartments,https://www.apartments.com/zephyr-apartments-seattle-wa/d7k3enl/,4254487728,1650 E Olive Way,Seattle,WA,98102,US,,,USD,,,,,Takes 18.1 mins to the nearest Microsoft shuttle stop at Harrison St & Boren Ave N,
Terravita Luxury Residences,https://www.apartments.com/terravita-luxury-residences-seattle-wa/kbbv1cc/,2064457192,1615 Belmont Ave,Seattle,WA,98122,US,,,USD,,,,,Takes 18.2 mins to the nearest Microsoft shuttle stop at Lenora St & 6th Ave,
AVA Capitol Hill,https://www.apartments.com/ava-capitol-hill-seattle-wa/5whybzq/,,1530 Belmont Ave,Seattle,WA,98122,US,,,USD,,,,,Takes 18.6 mins to the nearest Microsoft shuttle stop at Lenora St & 6th Ave,
M Street,https://www.apartments.com/m-street-seattle-wa/r2e3h72/,,910 8th Ave,Seattle,WA,98104,US,,,USD,,,,,Takes 18.6 mins to the nearest Microsoft shuttle stop at Lenora St & 6th Ave,
The Edge,https://www.apartments.com/the-edge-seattle-wa/zw5r1fw/,2067373072,3101 SW Avalon Way,Seattle,WA,98126,US,,,USD,,,,,Takes 19.7 mins to the nearest Microsoft shuttle stop at 4400 42nd Ave SW,
AMLI Waterfront,https://www.apartments.com/amli-waterfront-seattle-wa/ykgx3qr/,,50 University St,Seattle,WA,98101,US,,,USD,,,,,Takes 19.9 mins to the nearest Microsoft shuttle stop at Lenora St & 6th Ave,
Connection on Broadway,https://www.apartments.com/connection-on-broadway-seattle-wa/4912xmk/,,118 Broadway E,Seattle,WA,98102,US,,,USD,,,,,Takes 20.5 mins to the nearest Microsoft shuttle stop at Harrison St & Boren Ave N,
Arrive First Hill,https://www.apartments.com/arrive-first-hill-seattle-wa/x8ckjym/,,600 7th Ave,Seattle,WA,98104,US,,,USD,,,,,Takes 21.7 mins to the nearest Microsoft shuttle stop at Lenora St & 6th Ave,
Gridline,https://www.apartments.com/gridline-seattle-wa/484c6gl/,8445861223,1421 Harvard Ave,Seattle,WA,98122,US,,,USD,,,,,Takes 22.1 mins to the nearest Microsoft shuttle stop at Lenora St & 6th Ave,
Coppins Well,https://www.apartments.com/coppins-well-seattle-wa/fhknn4v/,2062105062,1000 Minor Ave,Seattle,WA,98104,US,,,USD,,,,,Takes 22.3 mins to the nearest Microsoft shuttle stop at Lenora St & 6th Ave,
Sentral First Hill,https://www.apartments.com/sentral-first-hill-seattle-wa/rwd8ec0/,,1001 Minor Ave,Seattle,WA,98104,US,,,USD,,,,,Takes 22.4 mins to the nearest Microsoft shuttle stop at Lenora St & 6th Ave,
Museum House,https://www.apartments.com/museum-house-seattle-wa/hb5ceh0/,,707 Terry Ave,Seattle,WA,98104,US,,,USD,,,,,Takes 22.5 mins to the nearest Microsoft shuttle stop at Lenora St & 6th Ave,
The Victor,https://www.apartments.com/the-victor-seattle-wa/8mx2w62/,2067853042,1100 Boylston Ave,Seattle,WA,98101,US,,,USD,,,,,Takes 23.1 mins to the nearest Microsoft shuttle stop at Lenora St & 6th Ave,
50th &amp;amp; Roosevelt,https://www.apartments.com/50th-roosevelt-seattle-wa/nrnk99p/,2066392646,4750 Roosevelt Way NE,Seattle,WA,98105,US,,,USD,,,,,Takes 23.3 mins to the nearest Microsoft shuttle stop at N 45th St & Bagley Ave N,
Bella Vista Apartments,https://www.apartments.com/bella-vista-apartments-seattle-wa/qf6d3ex/,2063397203,600 Bellevue Ave E,Seattle,WA,98102,US,,,USD,,,,,Takes 23.4 mins to the nearest Microsoft shuttle stop at Harrison St & Boren Ave N,
Belroy,https://www.apartments.com/belroy-seattle-wa/teql659/,8447034427,703 Bellevue Ave E,Seattle,WA,98102,US,,,USD,,,,,Takes 23.6 mins to the nearest Microsoft shuttle stop at Harrison St & Boren Ave N,
The Danforth,https://www.apartments.com/the-danforth-seattle-wa/v75401g/,,1425 Spring St,Seattle,WA,98122,US,,,USD,,,,,Takes 24 mins to the nearest Microsoft shuttle stop at Lenora St & 6th Ave,
The M Seattle,https://www.apartments.com/the-m-seattle-seattle-wa/d6m705l/,4256594739,4700 Brooklyn Ave NE,Seattle,WA,98105,US,,,USD,,,,,Takes 24.1 mins to the nearest Microsoft shuttle stop at N 45th St & Bagley Ave N,
Nolan,https://www.apartments.com/nolan-seattle-wa/pw4kxhs/,2069059154,4717 Brooklyn Ave NE,Seattle,WA,98105,US,,,USD,,,,,Takes 24.8 mins to the nearest Microsoft shuttle stop at N 45th St & Bagley Ave N,
Metro 5000 Apartments | Furnished Student Housing in Seattle U-District Near University of Washin...,https://www.apartments.com/metro-5000-apartments-furnished-student-housing-in-seattle-u-district-near-university-of-washin-seattle-wa/2m5sqc9/,2063504324,5000 12th Ave NE,Seattle,WA,98105,US,,,USD,,,,,Takes 24.9 mins to the nearest Microsoft shuttle stop at N 45th St & Bagley Ave N,
Residences at Broadway Market,https://www.apartments.com/residences-at-broadway-market-seattle-wa/c8qs54d/,4255880240,400 Harvard Ave E,Seattle,WA,98102,US,,,USD,,,,,Takes 25 mins to the nearest Microsoft shuttle stop at Harrison St & Boren Ave N,
Canterbury Court,https://www.apartments.com/canterbury-court-seattle-wa/2gctd1c/,2064660845,4225 Brooklyn Ave NE,Seattle,WA,98105,US,,,USD,,,,,Takes 25.1 mins to the nearest Microsoft shuttle stop at N 45th St & Bagley Ave N,
The Rise on Madison - Affordable Housing,https://www.apartments.com/the-rise-on-madison-affordable-housing-seattle-wa/j91z2d7/,,1400 Madison St,Seattle,WA,98104,US,,,USD,,,,,Takes 25.2 mins to the nearest Microsoft shuttle stop at Lenora St & 6th Ave,
Augusta Apartments,https://www.apartments.com/augusta-apartments-seattle-wa/lbgnpjg/,,4041 Roosevelt Way NE,Seattle,WA,98105,US,,,USD,,,,,Takes 25.3 mins to the nearest Microsoft shuttle stop at N 34th St & Wallingford Ave N,
A&amp;amp;T Investments,https://www.apartments.com/at-investments-seattle-wa/t9ddzqc/,,4225 7th Ave,Seattle,WA,98105,US,,,USD,,,,,Takes 25.4 mins to the nearest Microsoft shuttle stop at N 45th St & Bagley Ave N,
Saxton,https://www.apartments.com/saxton-seattle-wa/zsf985y/,2065905145,520 Terry Ave,Seattle,WA,98104,US,,,USD,,,,,Takes 25.5 mins to the nearest Microsoft shuttle stop at Lenora St & 6th Ave,
Infinity Capitol Hill Apartments,https://www.apartments.com/infinity-capitol-hill-apartments-seattle-wa/yszd59t/,,1414 10th Ave,Seattle,WA,98122,US,,,USD,,,,,Takes 25.5 mins to the nearest Microsoft shuttle stop at Lenora St & 6th Ave,
Harrison South,https://www.apartments.com/harrison-south-seattle-wa/eewv3lm/,2066932879,304 10th Ave E,Seattle,WA,98102,US,,,USD,,,,,Takes 25.8 mins to the nearest Microsoft shuttle stop at Harrison St & Boren Ave N,
Griffis Seattle Waterfront,https://www.apartments.com/griffis-seattle-waterfront-seattle-wa/ntbsfrm/,,888 Western Ave,Seattle,WA,98104,US,,,USD,,,,,Takes 25.8 mins to the nearest Microsoft shuttle stop at Lenora St & 6th Ave,
Yugo Seattle Lothlorien,https://www.apartments.com/yugo-seattle-lothlorien-seattle-wa/s4xzxm5/,,4730 University Way NE,Seattle,WA,98105,US,,,USD,,,,,Takes 26 mins to the nearest Microsoft shuttle stop at N 45th St & Bagley Ave N,
700 Broadway Apartments,https://www.apartments.com/700-broadway-apartments-seattle-wa/09hhwk1/,,700 Broadway Ave E,Seattle,WA,98102,US,,,USD,,,,,Takes 26 mins to the nearest Microsoft shuttle stop at Harrison St & Boren Ave N,
Illumina Apartment Homes,https://www.apartments.com/illumina-apartment-homes-seattle-wa/wp5jslj/,,219 E Garfield St,Seattle,WA,98102,US,,,USD,,,,,Takes 26.2 mins to the nearest Microsoft shuttle stop at Harrison St & Boren Ave N,
The Accolade,https://www.apartments.com/the-accolade-seattle-wa/7lspshx/,,4126 12th Ave NE,Seattle,WA,98105,US,,,USD,,,,,Takes 26.5 mins to the nearest Microsoft shuttle stop at N 45th St & Bagley Ave N,
Lakeview Apartments,https://www.apartments.com/lakeview-apartments-seattle-wa/jy0e037/,4258005304,1551-1559 Lakeview Blvd E,Seattle,WA,98102,US,,,USD,,,,,Takes 26.9 mins to the nearest Microsoft shuttle stop at Harrison St & Boren Ave N,
Parsonage,https://www.apartments.com/parsonage-seattle-wa/11zs076/,,4138 Brooklyn Ave NE,Seattle,WA,98105,US,,,USD,,,,,Takes 27.1 mins to the nearest Microsoft shuttle stop at N 45th St & Bagley Ave N,
VIVA,https://www.apartments.com/viva-seattle-wa/h47dk02/,,1111 E Union St,Seattle,WA,98122,US,,,USD,,,,,Takes 27.7 mins to the nearest Microsoft shuttle stop at Lenora St & 6th Ave,
Theory U District,https://www.apartments.com/theory-u-district-seattle-wa/gd2xwbw/,,4759 15th Ave NE,Seattle,WA,98105,US,,,USD,,,,,Takes 28.1 mins to the nearest Microsoft shuttle stop at N 45th St & Bagley Ave N,
Monticello Apartments,https://www.apartments.com/monticello-apartments-seattle-wa/2bt4838/,,415 Boren Ave,Seattle,WA,98104,US,,,USD,,,,,Takes 28.1 mins to the nearest Microsoft shuttle stop at Lenora St & 6th Ave,
East Howe Steps,https://www.apartments.com/east-howe-steps-seattle-wa/dgnwmfj/,,1823 Eastlake Ave E,Seattle,WA,98102,US,,,USD,,,,,Takes 28.2 mins to the nearest Microsoft shuttle stop at Harrison St & Boren Ave N,
The Den Apartments,https://www.apartments.com/the-den-apartments-seattle-wa/wtp3tyh/,8663309938,5043 Brooklyn Ave NE,Seattle,WA,98105,US,,,USD,,,,,Takes 28.5 mins to the nearest Microsoft shuttle stop at N 45th St & Bagley Ave N,
608 W Emerson St,https://www.apartments.com/608-w-emerson-st-seattle-wa/cfpr9fe/,,608 W Emerson St,Seattle,WA,98119,US,,,USD,,,,,Takes 29 mins to the nearest Microsoft shuttle stop at 9 W McGraw St,
The Aire Apartments,https://www.apartments.com/the-aire-apartments-seattle-wa/gwwwyrz/,,2572 Gilman Dr W,Seattle,WA,98119,US,,,USD,,,,,Takes 29 mins to the nearest Microsoft shuttle stop at 9 W McGraw St,
Zig,https://www.apartments.com/zig-seattle-wa/tglsxzc/,4258738299,550 Broadway,Seattle,WA,98122,US,,,USD,,,,,Takes 29.1 mins to the nearest Microsoft shuttle stop at Lenora St & 6th Ave,
ION Queen Anne,https://www.apartments.com/ion-queen-anne-seattle-wa/4y275sk/,,2222 15th Ave W,Seattle,WA,98119,US,,,USD,,,,,Takes 29.8 mins to the nearest Microsoft shuttle stop at 9 W McGraw St,
Metropolitan Park,https://www.apartments.com/metropolitan-park-seattle-wa/xxyj11n/,4254032599,601 S Washington St,Seattle,WA,98104,US,,,USD,,,,,Takes 30 mins to the nearest Microsoft shuttle stop at Lenora St & 6th Ave,
Tanager,https://www.apartments.com/tanager-seattle-wa/v32g4mf/,2062022718,1314 E Union St,Seattle,WA,98122,US,,,USD,,,,,Takes 30.5 mins to the nearest Microsoft shuttle stop at Lenora St & 6th Ave,
TAS Investments,https://www.apartments.com/tas-investments-seattle-wa/vj0epve/,2064832129,4542 19th Ave NE,Seattle,WA,98105,US,,,USD,,,,,Takes 30.5 mins to the nearest Microsoft shuttle stop at N 45th St & Bagley Ave N,
Youngstown Flats,https://www.apartments.com/youngstown-flats-seattle-wa/7s2qyhy/,,4040 26th Ave SW,Seattle,WA,98106,US,,,USD,,,,,Takes 31.1 mins to the nearest Microsoft shuttle stop at 4400 42nd Ave SW,
Glendale Apartments,https://www.apartments.com/glendale-apartments-seattle-wa/hh0hnz3/,2062587126,5246 Brooklyn Ave NE,Seattle,WA,98105,US,,,USD,,,,,Takes 31.1 mins to the nearest Microsoft shuttle stop at N 45th St & Bagley Ave N,
Harbor Flats,https://www.apartments.com/harbor-flats-seattle-wa/3qfrqpf/,8334329527,3417 Harbor Ave SW,Seattle,WA,98126,US,,,USD,,,,,Takes 31.1 mins to the nearest Microsoft shuttle stop at California Ave SW,
Icon Apartments,https://www.apartments.com/icon-apartments-seattle-wa/lkb3bvd/,2062035189,400 S Jackson St,Seattle,WA,98104,US,,,USD,,,,,Takes 32.1 mins to the nearest Microsoft shuttle stop at Lenora St & 6th Ave,
Yesler Towers,https://www.apartments.com/yesler-towers-seattle-wa/52ghdsm/,,809 S Washington St,Seattle,WA,98104,US,,,USD,,,,,Takes 32.6 mins to the nearest Microsoft shuttle stop at Lenora St & 6th Ave,
Clara Apartments,https://www.apartments.com/clara-apartments-seattle-wa/986xcx6/,,4730 19th Ave NE,Seattle,WA,98105,US,,,USD,,,,,Takes 32.7 mins to the nearest Microsoft shuttle stop at N 45th St & Bagley Ave N,
Strata on California,https://www.apartments.com/strata-on-california-seattle-wa/z3t9hpw/,2066780323,6312 California Ave SW,Seattle,WA,98136,US,,,USD,,,,,Takes 33.2 mins to the nearest Microsoft shuttle stop at 4400 42nd Ave SW,
Swell,https://www.apartments.com/swell-seattle-wa/y7xxfer/,,821 S Washington St,Seattle,WA,98104,US,,,USD,,,,,Takes 33.3 mins to the nearest Microsoft shuttle stop at Lenora St & 6th Ave,
Vantage Park,https://www.apartments.com/vantage-park-seattle-wa/7xrt90z/,2063396127,1011 E Terrace St,Seattle,WA,98122,US,,,USD,,,Fitness Center; Rooftop Deck,,Takes 33.6 mins to the nearest Microsoft shuttle stop at Lenora St & 6th Ave,
Hillside 411,https://www.apartments.com/hillside-411-seattle-wa/jlkert5/,2065903985,411 11th Ave,Seattle,WA,98122,US,,,USD,,,,,Takes 33.7 mins to the nearest Microsoft shuttle stop at Lenora St & 6th Ave,
Ivy Ridge Apartments,https://www.apartments.com/ivy-ridge-apartments-seattle-wa/wcyj04k/,,4730 21st Ave NE,Seattle,WA,98105,US,,,USD,,,,,Takes 34.5 mins to the nearest Microsoft shuttle stop at N 45th St & Bagley Ave N,
Koi,https://www.apartments.com/koi-seattle-wa/4pl0d7k/,2064511310,1139 NW Market St,Seattle,WA,98107,US,,,USD,,,,,Takes 35 mins to the nearest Microsoft shuttle stop at Phinney Ave N & N 36th St,
Clearwater Apartments - Star Apartments,https://www.apartments.com/clearwater-apartments-star-apartments-seattle-wa/m4ypnhl/,4256551951,167 11th Ave,Seattle,WA,98122,US,,,USD,,,,,Takes 35.3 mins to the nearest Microsoft shuttle stop at Lenora St & 6th Ave,
Capitol Crest,https://www.apartments.com/capitol-crest-seattle-wa/78yr6xx/,2064108800,1139 17th Ave,Seattle,WA,98122,US,,,USD,,,,,Takes 35.4 mins to the nearest Microsoft shuttle stop at Lenora St & 6th Ave,
Decibel on 12th,https://www.apartments.com/decibel-on-12th-seattle-wa/3m66xye/,,301 12th Ave,Seattle,WA,98122,US,,,USD,,,,,Takes 35.9 mins to the nearest Microsoft shuttle stop at Lenora St & 6th Ave,
Lawrence Lofts,https://www.apartments.com/lawrence-lofts-seattle-wa/15hjzq6/,,1818 E Madison St,Seattle,WA,98122,US,,,USD,,,,,Takes 35.9 mins to the nearest Microsoft shuttle stop at Lenora St & 6th Ave,
Milwaukee Apartments,https://www.apartments.com/milwaukee-apartments-seattle-wa/6p5f6ps/,2063098814,660-680 S King St,Seattle,WA,98104,US,,,USD,,,,,Takes 36.1 mins to the nearest Microsoft shuttle stop at Lenora St & 6th Ave,
Hong Kong Apartments,https://www.apartments.com/hong-kong-apartments-seattle-wa/6vx0s3s/,3603394545,507-511 Maynard Ave S,Seattle,WA,98104,US,,,USD,,,,,Takes 36.1 mins to the nearest Microsoft shuttle stop at Lenora St & 6th Ave,
Nordic Tower,https://www.apartments.com/nordic-tower-seattle-wa/2lc2bm8/,,1446 NW 53rd St,Seattle,WA,98107,US,,,USD,,,,,Takes 36.5 mins to the nearest Microsoft shuttle stop at Phinney Ave N & N 36th St,
Uncle Bob&amp;#39;s Place,https://www.apartments.com/uncle-bobs-place-seattle-wa/ngk3k9q/,8668582302,417 8th Ave S,Seattle,WA,98104,US,,,USD,,,Pets Allowed; Balcony,,Takes 37.5 mins to the nearest Microsoft shuttle stop at Lenora St & 6th Ave,
Shelton Eastlake,https://www.apartments.com/shelton-eastlake-seattle-wa/dxksrhl/,2063098876,2359 Franklin Ave E,Seattle,WA,98102,US,,,USD,,,,,Takes 37.5 mins to the nearest Microsoft shuttle stop at Harrison St & Boren Ave N,
High Point,https://www.apartments.com/high-point-seattle-wa/3731qxg/,4252768153,6040 35th Ave SW,Seattle,WA,98126,US,,,USD,,,,,Takes 37.6 mins to the nearest Microsoft shuttle stop at 4400 42nd Ave SW,
Anthem on 12th,https://www.apartments.com/anthem-on-12th-seattle-wa/cm38mee/,,103 12th Ave,Seattle,WA,98122,US,,,USD,,,,,Takes 38 mins to the nearest Microsoft shuttle stop at Lenora St & 6th Ave,
Liza Eastlake,https://www.apartments.com/liza-eastlake-seattle-wa/1g7lk85/,,2517 Eastlake Ave E,Seattle,WA,98102,US,,,USD,,,,,Takes 38.2 mins to the nearest Microsoft shuttle stop at Harrison St & Boren Ave N,
Thai Binh Apartments,https://www.apartments.com/thai-binh-apartments-seattle-wa/cp71zlf/,4254037834,913 S Jackson St,Seattle,WA,98104,US,,,USD,,,,,Takes 38.5 mins to the nearest Microsoft shuttle stop at Lenora St & 6th Ave,
Mason &amp;amp; Main,https://www.apartments.com/mason-main-seattle-wa/hwhflg0/,,209 12th Ave S,Seattle,WA,98144,US,,,USD,,,,,Takes 38.7 mins to the nearest Microsoft shuttle stop at Lenora St & 6th Ave,
Crane Interbay Apartments,https://www.apartments.com/crane-interbay-apartments-seattle-wa/vxvf7qd/,2062586984,3200 16th Ave W,Seattle,WA,98119,US,,,USD,,,,,Takes 38.7 mins to the nearest Microsoft shuttle stop at 9 W McGraw St,
Corner 63,https://www.apartments.com/corner-63-seattle-wa/ft3kt7r/,,6300 9th Ave NE,Seattle,WA,98115,US,,,USD,,,,,Takes 38.9 mins to the nearest Microsoft shuttle stop at N 45th St & Bagley Ave N,
Tapestry,https://www.apartments.com/tapestry-seattle-wa/mz7193l/,,104 12th Ave,Seattle,WA,98122,US,,,USD,,,,,Takes 39.4 mins to the nearest Microsoft shuttle stop at Lenora St & 6th Ave,
Madlyn Apartments,https://www.apartments.com/madlyn-apartments-seattle-wa/wwk6wsh/,2062028391,2413 Boylston Ave E,Seattle,WA,98102,US,,,USD,,,,,Takes 39.4 mins to the nearest Microsoft shuttle stop at Harrison St & Boren Ave N,
Eleanor,https://www.apartments.com/eleanor-seattle-wa/8b3mtg2/,2068886567,800 NE 67th St,Seattle,WA,98115,US,,,USD,,,,,Takes 39.5 mins to the nearest Microsoft shuttle stop at N 45th St & Bagley Ave N,
BEAM,https://www.apartments.com/beam-seattle-wa/bwdhwwb/,2062029899,1029 S Jackson St,Seattle,WA,98104,US,,,USD,,,Pets Allowed; Fitness Center; In Unit Washer &amp; Dryer; Balcony,,Takes 39.7 mins to the nearest Microsoft shuttle stop at Lenora St & 6th Ave,
Slate Apartments,https://www.apartments.com/slate-apartments-seattle-wa/g8rr8xz/,2062027524,3040 17th Ave W,Seattle,WA,98119,US,,,USD,,,,,Takes 40.7 mins to the nearest Microsoft shuttle stop at 9 W McGraw St,
13th &amp;amp; Fir APARTMENTS,https://www.apartments.com/13th-fir-apartments-seattle-wa/nz6r5hm/,2062782613,115 13th Ave,Seattle,WA,98122,US,,,USD,,,,,Takes 41 mins to the nearest Microsoft shuttle stop at Lenora St & 6th Ave,
Waymark,https://www.apartments.com/waymark-seattle-wa/hsfjf32/,,1501 NW 56th St,Seattle,WA,98107,US,,,USD,,,,,Takes 41.1 mins to the nearest Microsoft shuttle stop at Phinney Ave N & N 36th St,
Cedar Crossing,https://www.apartments.com/cedar-crossing-seattle-wa/frr1cnr/,,6600 Roosevelt Way NE,Seattle,WA,98115,US,,,USD,,,,,Takes 42 mins to the nearest Microsoft shuttle stop at N 45th St & Bagley Ave N,
Vitality on 17th,https://www.apartments.com/vitality-on-17th-seattle-wa/tbbrrdb/,,5512 17th Ave NW,Seattle,WA,98107,US,,,USD,,,,,Takes 42.6 mins to the nearest Microsoft shuttle stop at Phinney Ave N & N 36th St,
Roosevelt Station,https://www.apartments.com/roosevelt-station-seattle-wa/kxfyl3b/,,6810 Roosevelt Way NE,Seattle,WA,98115,US,,,USD,,,,,Takes 43.3 mins to the nearest Microsoft shuttle stop at N 45th St & Bagley Ave N,
East Union,https://www.apartments.com/east-union-seattle-wa/8sbxhc0/,,Union St @ 23rd ave,Seattle,WA,98122,US,,,USD,,,,,Takes 44.2 mins to the nearest Microsoft shuttle stop at Lenora St & 6th Ave,
Victorian Row Apartments,https://www.apartments.com/victorian-row-apartments-seattle-wa/z7wl31w/,8668668025,1234 S King St,Seattle,WA,98144,US,,,USD,,,,,Takes 45 mins to the nearest Microsoft shuttle stop at Lenora St & 6th Ave,
Midtown Square,https://www.apartments.com/midtown-square-seattle-wa/jkm2814/,,2301 E Union St,Seattle,WA,98122,US,,,USD,,,,,Takes 45.3 mins to the nearest Microsoft shuttle stop at Lenora St & 6th Ave,
Commons at Ballard,https://www.apartments.com/commons-at-ballard-seattle-wa/d4cffyh/,8668465477,5621 22nd Ave NW,Seattle,WA,98107,US,,,USD,,,,,Takes 46 mins to the nearest Microsoft shuttle stop at Phinney Ave N & N 36th St,
Trailside,https://www.apartments.com/trailside-seattle-wa/n48pv6m/,,4801 24th Ave NE,Seattle,WA,98105,US,,,USD,,,,,Takes 47.3 mins to the nearest Microsoft shuttle stop at N 45th St & Bagley Ave N,
The Ballard Independent,https://www.apartments.com/the-ballard-independent-seattle-wa/603g4ws/,3608034050,2245 NW 56th St,Seattle,WA,98107,US,,,USD,,,Pets Allowed; Fitness Center; In Unit Washer &amp; Dryer,,Takes 47.4 mins to the nearest Microsoft shuttle stop at Phinney Ave N & N 36th St,
Hilite,https://www.apartments.com/hilite-seattle-wa/r9l4e63/,,622 Rainier Ave S,Seattle,WA,98144,US,,,USD,,,,,Takes 47.7 mins to the nearest Microsoft shuttle stop at Lenora St & 6th Ave,
Nordheim Court UW Student Apartments,https://www.apartments.com/nordheim-court-uw-student-apartments-seattle-wa/s0e6b75/,2062103227,5000 25th Ave NE,Seattle,WA,98105,US,,,USD,,,Fitness Center,,Takes 48 mins to the nearest Microsoft shuttle stop at N 45th St & Bagley Ave N,
Pratt Park,https://www.apartments.com/pratt-park-seattle-wa/dflxsxk/,,1800 S Jackson St,Seattle,WA,98144,US,,,USD,,,,,Takes 48 mins to the nearest Microsoft shuttle stop at Lenora St & 6th Ave,
Broadstone Strata,https://www.apartments.com/broadstone-strata-seattle-wa/h9wemm3/,,4906 25th Ave NE,Seattle,WA,98105,US,,,USD,,,,,Takes 48.1 mins to the nearest Microsoft shuttle stop at N 45th St & Bagley Ave N,
St Luke&amp;#39;s,https://www.apartments.com/st-lukes-seattle-wa/k29ydnc/,8449760155,2035 NW 58th St,Seattle,WA,98107,US,,,USD,,,,,Takes 48.4 mins to the nearest Microsoft shuttle stop at Phinney Ave N & N 36th St,
Ballard Yards,https://www.apartments.com/ballard-yards-seattle-wa/r74mmy0/,,2417 NW Market St,Seattle,WA,98107,US,,,USD,,,,,Takes 48.8 mins to the nearest Microsoft shuttle stop at Phinney Ave N & N 36th St,
Ballard on the Park,https://www.apartments.com/ballard-on-the-park-seattle-wa/z754zkw/,,2233 NW 58th St,Seattle,WA,98107,US,,,USD,,,,,Takes 49.2 mins to the nearest Microsoft shuttle stop at Phinney Ave N & N 36th St,
AMLI Mark24,https://www.apartments.com/amli-mark24-seattle-wa/twk16f9/,,2428 NW Market St,Seattle,WA,98107,US,,,USD,,,,,Takes 49.3 mins to the nearest Microsoft shuttle stop at Phinney Ave N & N 36th St,
Soren Apartments,https://www.apartments.com/soren-apartments-seattle-wa/4gwlh0k/,2063502876,5711 24th Ave NW,Seattle,WA,98107,US,,,USD,,,,,Takes 50.4 mins to the nearest Microsoft shuttle stop at Phinney Ave N & N 36th St,
Activate Your Lifestyle At Spur Apartments!,https://www.apartments.com/activate-your-lifestyle-at-spur-apartments-seattle-wa/z3kr8gz/,2065935402,4600 Union Bay Pl NE,Seattle,WA,98105,US,,,USD,,,,,Takes 50.7 mins to the nearest Microsoft shuttle stop at N 45th St & Bagley Ave N,
900 Rainier,https://www.apartments.com/900-rainier-seattle-wa/gfz6d0x/,,900 Rainier Ave S,Seattle,WA,98144,US,,,USD,,,,,Takes 53.8 mins to the nearest Microsoft shuttle stop at Lenora St & 6th Ave,
Jackson Apartments,https://www.apartments.com/jackson-apartments-seattle-wa/vblnwkf/,,2401 S Jackson St,Seattle,WA,98144,US,,,USD,,,,,Takes 55.6 mins to the nearest Microsoft shuttle stop at Lenora St & 6th Ave,
Hill Crest Apartment Homes,https://www.apartments.com/hill-crest-apartment-homes-seattle-wa/dcw5r9j/,,7524 35th Ave SW,Seattle,WA,98126,US,,,USD,,,,,Takes 56.2 mins to the nearest Microsoft shuttle stop at 4400 42nd Ave SW,
The Arbory,https://www.apartments.com/the-arbory-seattle-wa/7716vpx/,2065584405,2925 E Madison St,Seattle,WA,98112,US,,,USD,,,,,Takes 57.5 mins to the nearest Microsoft shuttle stop at Harrison St & Boren Ave N,
Beacon View,https://www.apartments.com/beacon-view-seattle-wa/nffsfmn/,,1701 12th Ave S,Seattle,WA,98144,US,,,USD,,,,,Takes 58 mins to the nearest Microsoft shuttle stop at Lenora St & 6th Ave,
Arrive Magnolia,https://www.apartments.com/arrive-magnolia-seattle-wa/pmzb5pv/,,3520 27th Pl W,Seattle,WA,98199,US,,,USD,,,,,Takes 58.2 mins to the nearest Microsoft shuttle stop at 9 W McGraw St,
Lock Vista,https://www.apartments.com/lock-vista-seattle-wa/9s9vee4/,,3025 NW Market St,Seattle,WA,98107,US,,,USD,,,,,Takes 58.5 mins to the nearest Microsoft shuttle stop at Phinney Ave N & N 36th St,
301 Apartments in the heart of Beacon Hill,https://www.apartments.com/301-apartments-in-the-heart-of-beacon-hill-seattle-wa/n8hw68n/,2062228772,301 26th Ave S,Seattle,WA,98144,US,,,USD,,,,,Takes 59.3 mins to the nearest Microsoft shuttle stop at Lenora St & 6th Ave,
EdgePoint,https://www.apartments.com/edgepoint-seattle-wa/h7wj141/,,320 N 85th St,Seattle,WA,98103,US,,,USD,,,,,Takes 60.6 mins to the nearest Microsoft shuttle stop at N 45th St & Stone Way N,
The Morrow,https://www.apartments.com/the-morrow-seattle-wa/g1qn3sz/,,8612 Palatine Ave N,Seattle,WA,98103,US,,,USD,,,,,Takes 61.4 mins to the nearest Microsoft shuttle stop at N 45th St & Stone Way N,
The Sedges,https://www.apartments.com/the-sedges-seattle-wa/20p15h9/,2062086729,8623 N Palatine Ave N,Seattle,WA,98103,US,,,USD,,,,,Takes 62.6 mins to the nearest Microsoft shuttle stop at N 45th St & Stone Way N,
Guinevere Apartment Homes,https://www.apartments.com/guinevere-apartment-homes-seattle-wa/9zyy3f5/,,522 N 85th St,Seattle,WA,98103,US,,,USD,,,,,Takes 62.7 mins to the nearest Microsoft shuttle stop at N 45th St & Stone Way N,
The Hemlock,https://www.apartments.com/the-hemlock-seattle-wa/v1lxw4g/,4259792421,8704 Greenwood Ave N,Seattle,WA,98103,US,,,USD,,,Pets Allowed; Fitness Center; In Unit Washer &amp; Dryer,,Takes 64 mins to the nearest Microsoft shuttle stop at N 45th St & Stone Way N,
State Street,https://www.apartments.com/state-street-seattle-wa/822el43/,,1700 21st Ave S,Seattle,WA,98144,US,,,USD,,,,,Takes 64.8 mins to the nearest Microsoft shuttle stop at Lenora St & 6th Ave,
Melody Jabooda Apartments,https://www.apartments.com/melody-jabooda-apartments-seattle-wa/gj0171w/,,2101 S Grand St,Seattle,WA,98144,US,,,USD,,,,,Takes 66.8 mins to the nearest Microsoft shuttle stop at Lenora St & 6th Ave,
Grand Street Commons,https://www.apartments.com/grand-street-commons-seattle-wa/vskshhg/,,1765 22nd Ave S,Seattle,WA,98144,US,,,USD,,,,,Takes 67.5 mins to the nearest Microsoft shuttle stop at Lenora St & 6th Ave,
Tahoma Valley Apartments,https://www.apartments.com/tahoma-valley-apartments-seattle-wa/tn2wkq9/,,2201 S Grand St,Seattle,WA,98144,US,,,USD,,,,,Takes 67.7 mins to the nearest Microsoft shuttle stop at Lenora St & 6th Ave,
Sedona Apartments,https://www.apartments.com/sedona-apartments-seattle-wa/ch0j5kf/,,8500 20th Ave NE,Seattle,WA,98115,US,,,USD,,,,,Takes 68.6 mins to the nearest Microsoft shuttle stop at N 45th St & Bagley Ave N,
Tavin,https://www.apartments.com/tavin-seattle-wa/ejwmbjp/,,8511 15th Ave NW,Seattle,WA,98117,US,,,USD,,,,,Takes 70.4 mins to the nearest Microsoft shuttle stop at Phinney Ave N & N 36th St,
Westview Apartment Homes,https://www.apartments.com/westview-apartment-homes-seattle-wa/fdtghfv/,4259709482,2525 14th Ave S,Seattle,WA,98144,US,,,USD,,,,,Takes 70.6 mins to the nearest Microsoft shuttle stop at Lenora St & 6th Ave,
Cubix Crown Hill,https://www.apartments.com/cubix-crown-hill-seattle-wa/s2tsw04/,8777662059,8541 15th Ave NW,Seattle,WA,98117,US,,,USD,,,,,Takes 71.7 mins to the nearest Microsoft shuttle stop at Phinney Ave N & N 36th St,
Parla,https://www.apartments.com/parla-seattle-wa/dh0qy5j/,,9176 Holman Rd NW,Seattle,WA,98117,US,,,USD,,,,,Takes 73.1 mins to the nearest Microsoft shuttle stop at Phinney Ave N & N 36th St,
Delridge Crossing Apartments,https://www.apartments.com/delridge-crossing-apartments-seattle-wa/ym21wdr/,2062025745,2425 SW Webster St,Seattle,WA,98106,US,,,USD,,,,,Takes 74.4 mins to the nearest Microsoft shuttle stop at 4400 42nd Ave SW,
Leilani Apartment Homes,https://www.apartments.com/leilani-apartment-homes-seattle-wa/nq961rp/,,10215 Greenwood Ave N,Seattle,WA,98133,US,,,USD,,,,,Takes 76.3 mins to the nearest Microsoft shuttle stop at N 45th St & Stone Way N,
Thornton Place,https://www.apartments.com/thornton-place-seattle-wa/ftt6p0v/,,337 NE 103rd St,Seattle,WA,98125,US,,,USD,,,,,Takes 76.4 mins to the nearest Microsoft shuttle stop at N 45th St & Bagley Ave N,
Luxe at Meridian,https://www.apartments.com/luxe-at-meridian-seattle-wa/9qwrlb5/,,10306 Meridian Ave N,Seattle,WA,98133,US,,,USD,,,,,Takes 77.9 mins to the nearest Microsoft shuttle stop at N 45th St & Bagley Ave N,
Copperleaf Northgate,https://www.apartments.com/copperleaf-northgate-seattle-wa/tn1tplc/,,201 NE 103rd St,Seattle,WA,98125,US,,,USD,,,,,Takes 79.1 mins to the nearest Microsoft shuttle stop at N 45th St & Bagley Ave N,
Lane,https://www.apartments.com/lane-seattle-wa/s7wg576/,2062220210,10720 5th Ave NE,Seattle,WA,98125,US,,,USD,,,,,Takes 82.1 mins to the nearest Microsoft shuttle stop at N 45th St & Bagley Ave N,
8400 25th Avenue Southwest,https://www.apartments.com/8400-25th-avenue-southwest-seattle-wa/k1yy48b/,,8400 25th Avenue Southwest Unit A,Seattle,WA,98106,US,,,USD,,,,,Takes 82.9 mins to the nearest Microsoft shuttle stop at 4400 42nd Ave SW,
The Galleria,https://www.apartments.com/the-galleria-seattle-wa/qctzxyz/,8555320614,10500 Meridian Ave N,Seattle,WA,98133,US,,,USD,,,,,Takes 83.9 mins to the nearest Microsoft shuttle stop at N 45th St & Bagley Ave N,
Modera Northgate,https://www.apartments.com/modera-northgate-seattle-wa/9sryqv6/,,10631 8th Ave NE,Seattle,WA,98125,US,,,USD,,,,,Takes 84 mins to the nearest Microsoft shuttle stop at N 45th St & Bagley Ave N,
Mt Baker The Maddux Apartments,https://www.apartments.com/mt-baker-the-maddux-apartments-seattle-wa/l30tmzf/,2062229230,2810 S McClellan St,Seattle,WA,98144,US,,,USD,,,,,Takes 84.4 mins to the nearest Microsoft shuttle stop at Lenora St & 6th Ave,
Northbrook Place Apartments,https://www.apartments.com/northbrook-place-apartments-seattle-wa/nv65x1q/,,10215 Lake City Way,Seattle,WA,98125,US,,,USD,,,,,Takes 90.1 mins to the nearest Microsoft shuttle stop at N 45th St & Bagley Ave N,
Avia Apartments,https://www.apartments.com/avia-apartments-seattle-wa/3fq5exg/,2065826536,11540 Greenwood Ave N,Seattle,WA,98133,US,,,USD,,,,,Takes 91.3 mins to the nearest Microsoft shuttle stop at N 45th St & Stone Way N,
Keystone Apartments,https://www.apartments.com/keystone-apartments-seattle-wa/ygf0l9v/,,9208 20th Ave SW,Seattle,WA,98106,US,,,USD,,,,,Takes 91.4 mins to the nearest Microsoft shuttle stop at 4400 42nd Ave SW,
Victory Northgate,https://www.apartments.com/victory-northgate-seattle-wa/8964zp2/,8887803134,1000 NE Northgate Way,Seattle,WA,98125,US,,,USD,,,Pets Allowed; Fitness Center; In Unit Washer &amp; Dryer; Rooftop Deck,,Takes 91.6 mins to the nearest Microsoft shuttle stop at N 45th St & Bagley Ave N,
Owl Northgate,https://www.apartments.com/owl-northgate-seattle-wa/x50bn2n/,,11201 Roosevelt Way NE,Seattle,WA,,US,,,USD,,,,,Takes 92.3 mins to the nearest Microsoft shuttle stop at N 45th St & Bagley Ave N,
Westwood Vista,https://www.apartments.com/westwood-vista-seattle-wa/0vdf8m0/,4253363974,2200 SW Barton St,Seattle,WA,98106,US,,,USD,,,,,Takes 92.4 mins to the nearest Microsoft shuttle stop at 4400 42nd Ave SW,
Mountain View Apartment,https://www.apartments.com/mountain-view-apartment-seattle-wa/j7k7bn7/,2063502611,10522 Lake City Way NE,Seattle,WA,98125,US,,,USD,,,,,Takes 94.1 mins to the nearest Microsoft shuttle stop at N 45th St & Bagley Ave N,
Radford Court,https://www.apartments.com/radford-court-seattle-wa/3p8sreg/,,6301 65th Ave NE,Seattle,WA,98115,US,,,USD,,,,,Takes 96 mins to the nearest Microsoft shuttle stop at N 45th St & Bagley Ave N,
SPOKANE AT RAINIER COURT a 55+ Affordable Community,https://www.apartments.com/spokane-at-rainier-court-a-55-affordable-community-seattle-wa/rx41013/,2065650280,3616 34th Ave S,Seattle,WA,98144,US,,,USD,,,,,Takes 101.1 mins to the nearest Microsoft shuttle stop at Lenora St & 6th Ave,
Encore,https://www.apartments.com/encore-seattle-wa/yz4hdts/,4255227332,4689 Martin Luther King Jr Way S,Seattle,WA,98108,US,,,USD,,,,,Takes 108.4 mins to the nearest Microsoft shuttle stop at Lenora St & 6th Ave,
Symphony Apartments,https://www.apartments.com/symphony-apartments-seattle-wa/bybl569/,5097767177,4221 37th Ave S,Seattle,WA,98118,US,,,USD,,,,,Takes 108.8 mins to the nearest Microsoft shuttle stop at Lenora St & 6th Ave,
Greenwood North Apartments,https://www.apartments.com/greenwood-north-apartments-seattle-wa/4mge8pl/,2063397408,13322 Greenwood Ave N,Seattle,WA,98133,US,,,USD,,,,,Takes 110.1 mins to the nearest Microsoft shuttle stop at N 45th St & Stone Way N,
CityLine,https://www.apartments.com/cityline-seattle-wa/l4knj3g/,,4740 32nd Ave S,Seattle,WA,98118,US,,,USD,,,,,Takes 112.4 mins to the nearest Microsoft shuttle stop at Lenora St & 6th Ave,
Linden Flats,https://www.apartments.com/linden-flats-seattle-wa/elrzc1p/,4253908363,13280 Linden Ave N,Seattle,WA,98133,US,,,USD,,,,,Takes 112.7 mins to the nearest Microsoft shuttle stop at N 45th St & Stone Way N,
The Edge North,https://www.apartments.com/the-edge-north-seattle-wa/l4k8tjg/,2063395991,12040 28th Ave NE,Seattle,WA,98125,US,,,USD,,,,,Takes 114 mins to the nearest Microsoft shuttle stop at N 45th St & Bagley Ave N,
Arlo,https://www.apartments.com/arlo-seattle-wa/g8e83wz/,,4720 Rainier Ave S,Seattle,WA,98118,US,,,USD,,,,,Takes 116.1 mins to the nearest Microsoft shuttle stop at Lenora St & 6th Ave,
Angeline Apartments,https://www.apartments.com/angeline-apartments-seattle-wa/66tvzer/,4255228849,4801 Rainier Ave S,Seattle,WA,98118,US,,,USD,,,,,Takes 116.9 mins to the nearest Microsoft shuttle stop at Lenora St & 6th Ave,
Willows Court Apartment Homes,https://www.apartments.com/willows-court-apartment-homes-seattle-wa/0j92tn0/,,12316 28th Ave NE,Seattle,WA,98125,US,,,USD,,,,,Takes 117.5 mins to the nearest Microsoft shuttle stop at N 45th St & Bagley Ave N,
The Amesbury,https://www.apartments.com/the-amesbury-seattle-wa/2m1ych9/,,13739 Linden Ave N,Seattle,WA,98133,US,,,USD,,,,,Takes 117.5 mins to the nearest Microsoft shuttle stop at N 45th St & Stone Way N,
Park Terrace,https://www.apartments.com/park-terrace-burien-wa/71f5l0x/,2066874940,11020 16th Ave SW,Burien,WA,98146,US,,,USD,,,,,Takes 117.6 mins to the nearest Microsoft shuttle stop at 4400 42nd Ave SW,
Coronado Springs,https://www.apartments.com/coronado-springs-seattle-wa/yv94tct/,,1400 SW 107th St,Seattle,WA,98146,US,,,USD,,,,,Takes 118.1 mins to the nearest Microsoft shuttle stop at 4400 42nd Ave SW,
DubSea Apartments | Modern Apartment Homes w/ In-Unit Laundry,https://www.apartments.com/dubsea-apartments-modern-apartment-homes-w-in-unit-laundry-seattle-wa/32b2g3e/,4252305939,11060 16th Ave SW,Seattle,WA,98146,US,,,USD,,,,,Takes 119.9 mins to the nearest Microsoft shuttle stop at 4400 42nd Ave SW,
Greenwood Place Apartments,https://www.apartments.com/greenwood-place-apartments-seattle-wa/xdm7kgp/,,14307 Greenwood Ave N,Seattle,WA,98133,US,,,USD,,,,,Takes 120.3 mins to the nearest Microsoft shuttle stop at N 45th St & Stone Way N,
Solara,https://www.apartments.com/solara-seattle-wa/02q9g91/,2062036709,12736 Lake City Way NE,Seattle,WA,98125,US,,,USD,,,,,Takes 120.6 mins to the nearest Microsoft shuttle stop at N 45th St & Bagley Ave N,
The Aries at Bitter Lake,https://www.apartments.com/the-aries-at-bitter-lake-seattle-wa/w3j7b7k/,,916 N 143rd St,Seattle,WA,98133,US,,,USD,,,,,Takes 122.2 mins to the nearest Microsoft shuttle stop at N 45th St & Stone Way N,
Mysa Apartments,https://www.apartments.com/mysa-apartments-seattle-wa/vdk7fkd/,2065943526,3025 NE 130th St,Seattle,WA,98125,US,,,USD,,,,,Takes 124.1 mins to the nearest Microsoft shuttle stop at N 45th St & Bagley Ave N,
The LINE,https://www.apartments.com/the-line-shoreline-wa/71byhvz/,,132 NE 145th St,Shoreline,WA,98155,US,,,USD,,,,,Takes 128.6 mins to the nearest Microsoft shuttle stop at N 45th St & Bagley Ave N,
Verdant,https://www.apartments.com/verdant-shoreline-wa/1mjry76/,,108 NE 145th St,Shoreline,WA,98155,US,,,USD,,,,,Takes 129.6 mins to the nearest Microsoft shuttle stop at N 45th St & Bagley Ave N,
Andante,https://www.apartments.com/andante-seattle-wa/j43dvw5/,2069815303,3031 NE 137th St,Seattle,WA,98125,US,,,USD,,,,,Takes 130.9 mins to the nearest Microsoft shuttle stop at N 45th St & Bagley Ave N,
Altaire at Jackson Park,https://www.apartments.com/altaire-at-jackson-park-seattle-wa/b6stgmb/,2062024194,14343 15th Ave NE,Seattle,WA,98125,US,,,USD,,,,,Takes 131.1 mins to the nearest Microsoft shuttle stop at N 45th St & Bagley Ave N,
Zinnia,https://www.apartments.com/zinnia-shoreline-wa/7wx01ez/,,2300 N 147th St,Shoreline,WA,98133,US,,,USD,,,,,Takes 131.3 mins to the nearest Microsoft shuttle stop at N 45th St & Bagley Ave N,
Executive Estates,https://www.apartments.com/executive-estates-seattle-wa/2vnlp78/,,1227 NE 143rd St,Seattle,WA,98125,US,,,USD,,,,,Takes 131.4 mins to the nearest Microsoft shuttle stop at N 45th St & Bagley Ave N,
HIDDEN CREEK VILLAGE APTS,https://www.apartments.com/hidden-creek-village-apts-seattle-wa/5rp1jcq/,2062033202,13751 32nd Ave. N.E.,Seattle,WA,98125,US,,,USD,,,,,Takes 134.3 mins to the nearest Microsoft shuttle stop at N 45th St & Bagley Ave N,
Lake City Apartments,https://www.apartments.com/lake-city-apartments-seattle-wa/smb8987/,2065934164,3033-3043 NE 140th St,Seattle,WA,98125,US,,,USD,,,,,Takes 135.3 mins to the nearest Microsoft shuttle stop at N 45th St & Bagley Ave N,
Array,https://www.apartments.com/array-seattle-wa/jc7yzh5/,4255225189,14027 Lake City Way NE,Seattle,WA,98125,US,,,USD,,,,,Takes 135.6 mins to the nearest Microsoft shuttle stop at N 45th St & Bagley Ave N,
Promenade at the Park Apartment Homes,https://www.apartments.com/promenade-at-the-park-apartment-homes-seattle-wa/c67n2xe/,,3215 NE 143rd St,Seattle,WA,98125,US,,,USD,,,,,Takes 136.2 mins to the nearest Microsoft shuttle stop at N 45th St & Bagley Ave N,
Sou&amp;amp;#39;Wester Apartments,https://www.apartments.com/sou39wester-apartments-seattle-wa/8hvn710/,2062499402,11054 4th Ave SW,Seattle,WA,98146,US,,,USD,,,,,Takes 137.5 mins to the nearest Microsoft shuttle stop at 4400 42nd Ave SW,
Autumn Ridge Apartments,https://www.apartments.com/autumn-ridge-apartments-seattle-wa/7wnxf2z/,2062225364,15135 Stone Ln N,Seattle,WA,98133,US,,,USD,,,,,Takes 137.7 mins to the nearest Microsoft shuttle stop at N 45th St & Stone Way N,
Ambaum Place,https://www.apartments.com/ambaum-place-seattle-wa/w62mtwl/,4255599971,12300 Ambaum Blvd SW,Seattle,WA,98146,US,,,USD,,,,,Takes 138.1 mins to the nearest Microsoft shuttle stop at 4400 42nd Ave SW,
3030 Lake City,https://www.apartments.com/3030-lake-city-seattle-wa/rpfk3p0/,,3030 NE 143rd St,Seattle,WA,98125,US,,,USD,,,,,Takes 138.2 mins to the nearest Microsoft shuttle stop at N 45th St & Bagley Ave N,
Latitude 112,https://www.apartments.com/latitude-112-seattle-wa/5k7z6zp/,,125 SW 112th St,Seattle,WA,98168,US,,,USD,,,,,Takes 139 mins to the nearest Microsoft shuttle stop at 4400 42nd Ave SW,
Garden Pointe,https://www.apartments.com/garden-pointe-seattle-wa/n3e96pq/,,130 SW 112th St,Seattle,WA,98146,US,,,USD,,,,,Takes 140.3 mins to the nearest Microsoft shuttle stop at 4400 42nd Ave SW,
Lantera Apartments,https://www.apartments.com/lantera-apartments-seattle-wa/xwk2ntp/,2062026261,4601 S Graham St,Seattle,WA,98118,US,,,USD,,,,,Takes 141.2 mins to the nearest Microsoft shuttle stop at Lenora St & 6th Ave,
The Mercer Apartment Homes,https://www.apartments.com/the-mercer-apartment-homes-mercer-island-wa/xnsvwgn/,,7650 SE 27th St,Mercer Island,WA,98040,US,,,USD,,,,,Takes 142.4 mins to the nearest Microsoft shuttle stop at Lenora St & 6th Ave,
Island Square,https://www.apartments.com/island-square-mercer-island-wa/bxj22hc/,,2758 78th Ave SE,Mercer Island,WA,98040,US,,,USD,,,,,Takes 144.2 mins to the nearest Microsoft shuttle stop at Lenora St & 6th Ave,
Mercy Othello Plaza,https://www.apartments.com/mercy-othello-plaza-seattle-wa/hchrev1/,4252431952,6940 Martin Luther King Jr Way S,Seattle,WA,98118,US,,,USD,,,,,Takes 144.5 mins to the nearest Microsoft shuttle stop at Lenora St & 6th Ave,
Willow Cottages,https://www.apartments.com/willow-cottages-seattle-wa/xvnghvp/,2064831990,4256 S Willow St,Seattle,WA,98118,US,,,USD,,,,,Takes 147 mins to the nearest Microsoft shuttle stop at Lenora St & 6th Ave,
8616 14th Ave S,https://www.apartments.com/8616-14th-ave-s-seattle-wa/zwtbhnw/,,8616 14th Ave S Unit 4,Seattle,WA,98108,US,,,USD,,,,,Takes 147.8 mins to the nearest Microsoft shuttle stop at 4400 42nd Ave SW,
The Station At Othello Park,https://www.apartments.com/the-station-at-othello-park-seattle-wa/jbdwrp5/,,4219 S Othello St,Seattle,WA,98118,US,,,USD,,,,,Takes 149.4 mins to the nearest Microsoft shuttle stop at Lenora St & 6th Ave,
4230 NE 8th Ave,https://www.apartments.com/4230-ne-8th-ave-seattle-wa/zbdlfxx/,2063096057,4230 NE 8th Ave,Seattle,WA,98105,US,,,USD,,,,,Takes 151.5 mins to the nearest Microsoft shuttle stop at N 34th St & Wallingford Ave N,
Cedar Apartments,https://www.apartments.com/cedar-apartments-seattle-wa/9kmrqb7/,2064018075,4262 NE 8th Ave,Seattle,WA,98105,US,,,USD,,,,,Takes 151.5 mins to the nearest Microsoft shuttle stop at N 34th St & Wallingford Ave N,
Sheridan Beach Terrace,https://www.apartments.com/sheridan-beach-terrace-lake-forest-park-wa/yt6f2ms/,2062223960,15530 Bothell Way NE,Lake Forest Park,WA,98155,US,,,USD,,,,,Takes 154.8 mins to the nearest Microsoft shuttle stop at N 45th St & Bagley Ave N,
Alcove at Seahurst Apartments,https://www.apartments.com/alcove-at-seahurst-apartments-burien-wa/nbzcdpp/,,14001 Ambaum Blvd sw,Burien,WA,98166,US,,,USD,,,,,Takes 160 mins to the nearest Microsoft shuttle stop at 4400 42nd Ave SW,
Linden Highlands,https://www.apartments.com/linden-highlands-shoreline-wa/tfszgf9/,2062021903,17520 Linden Ave N,Shoreline,WA,98133,US,,,USD,,,,,Takes 161.9 mins to the nearest Microsoft shuttle stop at N 45th St & Stone Way N,
Modera Shoreline,https://www.apartments.com/modera-shoreline-shoreline-wa/0cm57r0/,,17888 Linden Ave N,Shoreline,WA,98133,US,,,USD,,,,,Takes 162.5 mins to the nearest Microsoft shuttle stop at N 45th St & Stone Way N,
Postmark Apartments,https://www.apartments.com/postmark-apartments-shoreline-wa/sv8b3e6/,,17233 15th Ave NE,Shoreline,WA,98155,US,,,USD,,,,,Takes 163.6 mins to the nearest Microsoft shuttle stop at N 45th St & Bagley Ave N,
ION Town Center,https://www.apartments.com/ion-town-center-shoreline-wa/w4zb7sj/,,18004 Midvale Ave N,Shoreline,WA,98133,US,,,USD,,,,,Takes 164.9 mins to the nearest Microsoft shuttle stop at N 45th St & Stone Way N,
Green Leaf Shoreline,https://www.apartments.com/green-leaf-shoreline-shoreline-wa/34gwyvd/,,17567 15th Ave NE,Shoreline,WA,98155,US,,,USD,,,,,Takes 166.7 mins to the nearest Microsoft shuttle stop at N 45th St & Bagley Ave N,
Shorewood,https://www.apartments.com/shorewood-mercer-island-wa/z652x7z/,,3209 Shorewood Dr,Mercer Island,WA,98040,US,,,USD,,,,,Takes 167.2 mins to the nearest Microsoft shuttle stop at Lenora St & 6th Ave,
Alta Norra,https://www.apartments.com/alta-norra-shoreline-wa/q7d8e0x/,,17712 15th Ave NE,Shoreline,WA,98155,US,,,USD,,,,,Takes 167.4 mins to the nearest Microsoft shuttle stop at N 45th St & Bagley Ave N,
Arabella Apartment Homes,https://www.apartments.com/arabella-apartment-homes-shoreline-wa/pk5j62v/,,17763 15th Ave NE,Shoreline,WA,98155,US,,,USD,,,,,Takes 169.9 mins to the nearest Microsoft shuttle stop at N 45th St & Bagley Ave N,
Canopy,https://www.apartments.com/canopy-shoreline-wa/5nv0eqn/,,18815 Aurora Ave N,Shoreline,WA,98133,US,,,USD,,,,,Takes 173.4 mins to the nearest Microsoft shuttle stop at N 45th St & Stone Way N,
Arabella Apartment Homes II,https://www.apartments.com/arabella-apartment-homes-ii-shoreline-wa/8rvxpm0/,,1221 NE 180th St,Shoreline,WA,98155,US,,,USD,,,,,Takes 176.4 mins to the nearest Microsoft shuttle stop at N 45th St & Bagley Ave N,
Lux,https://www.apartments.com/lux-bellevue-wa/94rzxl5/,,1000 100th Ave NE,Bellevue,WA,98004,US,,,USD,,,,,Takes 176.8 mins to the nearest Microsoft shuttle stop at N 34th St & Wallingford Ave N,
KINECT AT BURIEN,https://www.apartments.com/kinect-at-burien-burien-wa/1yddln6/,,631 SW 150th St,Burien,WA,98166,US,,,USD,,,,,Takes 178.5 mins to the nearest Microsoft shuttle stop at 4400 42nd Ave SW,
Vintage at Burien,https://www.apartments.com/vintage-at-burien-burien-wa/8flvq53/,2062036602,149 S 140th St,Burien,WA,98168,US,,,USD,,,,,Takes 178.9 mins to the nearest Microsoft shuttle stop at 4400 42nd Ave SW,
The Blakely at Echo Lake,https://www.apartments.com/the-blakely-at-echo-lake-shoreline-wa/cnl684g/,,1140 N 192nd St,Shoreline,WA,98133,US,,,USD,,,,,Takes 179.8 mins to the nearest Microsoft shuttle stop at N 45th St & Stone Way N,
Mountainview Apartments,https://www.apartments.com/mountainview-apartments-seattle-wa/rgf3r30/,3606441848,10625 22nd Pl S,Seattle,WA,98168,US,,,USD,,,,,Takes 180.8 mins to the nearest Microsoft shuttle stop at 4400 42nd Ave SW,
Echo Lake Apartment Homes,https://www.apartments.com/echo-lake-apartment-homes-shoreline-wa/087fb80/,2065895243,1150 N 192nd St,Shoreline,WA,98133,US,,,USD,,,,,Takes 181.5 mins to the nearest Microsoft shuttle stop at N 45th St & Stone Way N,
Le Chateau Apartments,https://www.apartments.com/le-chateau-apartments-bellevue-wa/093nvj1/,4256719998,1111 102nd Ave NE,Bellevue,WA,98004,US,,,USD,,,,,Takes 181.6 mins to the nearest Microsoft shuttle stop at N 34th St & Wallingford Ave N,
Kinect at Shoreline,https://www.apartments.com/kinect-at-shoreline-shoreline-wa/r88zcw3/,,18553 8th Ave NE,Shoreline,WA,98155,US,,,USD,,,,,Takes 182.4 mins to the nearest Microsoft shuttle stop at N 45th St & Bagley Ave N,
Lake Washington Apartments,https://www.apartments.com/lake-washington-apartments-seattle-wa/xjkk8qm/,2064663051,9061 Seward Park Ave S,Seattle,WA,98118,US,,,USD,,,,,Takes 184.5 mins to the nearest Microsoft shuttle stop at Lenora St & 6th Ave,
LARC at Burien (Senior Housing 55+),https://www.apartments.com/larc-at-burien-senior-housing-55-burien-wa/f28ehys/,,11670 Des Moines Memorial Dr,Burien,WA,98168,US,,,USD,,,,,Takes 189.1 mins to the nearest Microsoft shuttle stop at 4400 42nd Ave SW,
The Artiste,https://www.apartments.com/the-artiste-shoreline-wa/cr79mdf/,,20221 Aurora Ave N,Shoreline,WA,98133,US,,,USD,,,,,Takes 189.9 mins to the nearest Microsoft shuttle stop at N 45th St & Stone Way N,
Arise Highline,https://www.apartments.com/arise-highline-burien-wa/n74k13p/,2537332115,143 S 152nd St,Burien,WA,98148,US,,,USD,,,,,Takes 197 mins to the nearest Microsoft shuttle stop at 4400 42nd Ave SW,
Ballinger Place,https://www.apartments.com/ballinger-place-llc-shoreline-wa/yrjnfbv/,2067361203,20060-20318 15th Ave NE,Shoreline,WA,98155,US,,,USD,,,,,Takes 200.4 mins to the nearest Microsoft shuttle stop at N 45th St & Bagley Ave N,
Whisperwood Apartments,https://www.apartments.com/whisperwood-apartments-seattle-wa/r86wlk3/,2064571468,11844 26th Ave S,Seattle,WA,98168,US,,,USD,,,,,Takes 202.4 mins to the nearest Microsoft shuttle stop at 4400 42nd Ave SW,
Vintage at the Overlook,https://www.apartments.com/vintage-at-the-overlook-tukwila-wa/f6jycqv/,4252726828,10811 47th Ave S,Tukwila,WA,98178,US,,,USD,,,Pets Allowed; Fitness Center; In Unit Washer &amp; Dryer,,Takes 202.9 mins to the nearest Microsoft shuttle stop at Lenora St & 6th Ave,
Cambridge Square,https://www.apartments.com/cambridge-square-burien-wa/zf0hx9z/,2068870642,455 S 156th St,Burien,WA,98148,US,,,USD,,,Pets Allowed; Pool; In Unit Washer &amp; Dryer,,Takes 205.2 mins to the nearest Microsoft shuttle stop at 4400 42nd Ave SW,
Brackett Apartments,https://www.apartments.com/brackett-apartments-edmonds-wa/jyt58l6/,,9501 244th St SW,Edmonds,WA,98020,US,,,USD,,,,,Takes 205.7 mins to the nearest Microsoft shuttle stop at N 45th St & Stone Way N,
Vela,https://www.apartments.com/vela-kirkland-wa/k753x98/,,140 Lake St S,Kirkland,WA,98033,US,,,USD,,,,,Takes 206 mins to the nearest Microsoft shuttle stop at N 34th St & Wallingford Ave N,
The Mauna Kea Apartments (Age-Restricted/55+),https://www.apartments.com/the-mauna-kea-apartments-age-restricted-55-tukwila-wa/kvqdvjc/,2067382423,11133 51st Ave S,Tukwila,WA,98178,US,,,USD,,,,,Takes 206.9 mins to the nearest Microsoft shuttle stop at Lenora St & 6th Ave,
Terrace Station Apartments,https://www.apartments.com/terrace-station-apartments-mountlake-terrace-wa/krzrr0c/,,24000 VanRy Blvd,Mountlake Terrace,WA,98043,US,,,USD,,,,,Takes 210.1 mins to the nearest Microsoft shuttle stop at N 45th St & Bagley Ave N,
Traxx Apartments,https://www.apartments.com/traxx-apartments-mountlake-terrace-wa/hej2hd3/,,23905 Van Ry Blvd,Mountlake Terrace,WA,98043,US,,,USD,,,,,Takes 211.2 mins to the nearest Microsoft shuttle stop at N 45th St & Bagley Ave N,
Crestwood Apartments,https://www.apartments.com/crestwood-apartments-kenmore-wa/q8es9dw/,2066934798,6626-6630 NE 182nd St,Kenmore,WA,98028,US,,,USD,,,,,Takes 211.4 mins to the nearest Microsoft shuttle stop at N 45th St & Bagley Ave N,
Spencer 68,https://www.apartments.com/spencer-68-kenmore-wa/bc38r49/,,6711 NE 182nd St,Kenmore,WA,98028,US,,,USD,,,,,Takes 216.2 mins to the nearest Microsoft shuttle stop at N 45th St & Bagley Ave N,
Heron View Apartment Homes,https://www.apartments.com/heron-view-apartment-homes-kenmore-wa/g398jgz/,8704515158,18249 73rd Ave NE,Kenmore,WA,98028,US,,,USD,,,,,Takes 223 mins to the nearest Microsoft shuttle stop at N 45th St & Bagley Ave N,
Tukwila Village Senior Living Apartments,https://www.apartments.com/tukwila-village-senior-living-apartments-tukwila-wa/wbx3e1k/,4253905984,14200 Tukwila International Blvd,Tukwila,WA,98168,US,,,USD,,,,,Takes 233 mins to the nearest Microsoft shuttle stop at 4400 42nd Ave SW,
Greentree,https://www.apartments.com/greentree-seattle-wa/hdrb9f3/,2062074497,6900 S 125th St,Seattle,WA,98178,US,,,USD,,,Pets Allowed; Balcony,,Takes 236.3 mins to the nearest Microsoft shuttle stop at Lenora St & 6th Ave,
Foster Commons,https://www.apartments.com/foster-commons-tukwila-wa/nt9lwpq/,2062088832,5700 S 129th St,Tukwila,WA,98178,US,,,USD,,,,,Takes 237.1 mins to the nearest Microsoft shuttle stop at 4400 42nd Ave SW,
Park Hill,https://www.apartments.com/park-hill-seattle-wa/3614r9e/,,12511 69th Ave,Seattle,WA,98178,US,,,USD,,,,,Takes 237.6 mins to the nearest Microsoft shuttle stop at Lenora St & 6th Ave,
Adara at SeaTac,https://www.apartments.com/adara-at-seatac-seatac-wa/l2j36qd/,,15311 33rd Ave S,Seatac,WA,98188,US,,,USD,,,,,Takes 238.5 mins to the nearest Microsoft shuttle stop at 4400 42nd Ave SW,
Seasons,https://www.apartments.com/seasons-tukwila-wa/65lydkr/,2538679576,3721 S 152nd St,Tukwila,WA,98188,US,,,USD,,,,,Takes 239.5 mins to the nearest Microsoft shuttle stop at 4400 42nd Ave SW,
Hillview Apartments,https://www.apartments.com/hillview-apartments-seattle-wa/v1ymrdf/,4252767624,12825 60th Ln S,Seattle,WA,98178,US,,,USD,,,,,Takes 239.9 mins to the nearest Microsoft shuttle stop at Lenora St & 6th Ave,
Cottage Woods,https://www.apartments.com/cottage-woods-tukwila-wa/l1pdjqe/,2533364359,4025 Southcenter Blvd,Tukwila,WA,98188,US,,,USD,,,,,Takes 248.1 mins to the nearest Microsoft shuttle stop at 4400 42nd Ave SW,
Foster Greens,https://www.apartments.com/foster-greens-tukwila-wa/2drrrd9/,2062103041,13865 Interurban Ave S,Tukwila,WA,98168,US,,,USD,,,,,Takes 249.4 mins to the nearest Microsoft shuttle stop at 4400 42nd Ave SW,
Cambridge Park Villa,https://www.apartments.com/cambridge-park-villa-seattle-wa/0wnvy13/,4259709193,6801 S 133rd St,Seattle,WA,98178,US,,,USD,,,,,Takes 250 mins to the nearest Microsoft shuttle stop at Lenora St & 6th Ave,
Springbrook Reserve Condominiums,https://www.apartments.com/springbrook-reserve-condominiums-seattle-wa/qjln8bz/,4257286728,7033 S 133rd St,Seattle,WA,98178,US,,,USD,,,,,Takes 252.3 mins to the nearest Microsoft shuttle stop at Lenora St & 6th Ave,
Creston Point,https://www.apartments.com/creston-point-seattle-wa/zljlcty/,,13445 Martin Luther King Jr Way,Seattle,WA,98178,US,,,USD,,,,,Takes 253.3 mins to the nearest Microsoft shuttle stop at Lenora St & 6th Ave,
Avana at South Station,https://www.apartments.com/avana-at-south-station-tukwila-wa/z60jp5z/,,4708 Southcenter Blvd,Tukwila,WA,98188,US,,,USD,,,,,Takes 254 mins to the nearest Microsoft shuttle stop at 4400 42nd Ave SW,
Bridlewood,https://www.apartments.com/bridlewood-kirkland-wa/rm2dbf1/,2066811326,13210 NE 97th Ave,Kirkland,WA,98034,US,,,USD,,,,,Takes 255.7 mins to the nearest Microsoft shuttle stop at N 34th St & Wallingford Ave N,
Sunnydale,https://www.apartments.com/sunnydale-tukwila-wa/ldh7vrd/,2069446948,15805 40th Pl S,Tukwila,WA,98188,US,,,USD,,,,,Takes 257.1 mins to the nearest Microsoft shuttle stop at 4400 42nd Ave SW,
Cielo,https://www.apartments.com/cielo-tukwila-wa/hcmqyq1/,2532432684,15830 39th Pl S,Tukwila,WA,98188,US,,,USD,,,,,Takes 258.9 mins to the nearest Microsoft shuttle stop at 4400 42nd Ave SW,
Waterscape at Juanita Village,https://www.apartments.com/waterscape-at-juanita-village-kirkland-wa/3kzphpg/,2063169787,11801 97th Ln NE,Kirkland,WA,98034,US,,,USD,,,,,Takes 260.6 mins to the nearest Microsoft shuttle stop at N 34th St & Wallingford Ave N,
98th Avenue,https://www.apartments.com/98th-avenue-bothell-wa/ve97sng/,4255880352,18307 98th Ave NE,Bothell,WA,98011,US,,,USD,,,,,Takes 264.6 mins to the nearest Microsoft shuttle stop at N 45th St & Bagley Ave N,
Six Oaks,https://www.apartments.com/six-oaks-bothell-wa/66nr51s/,8774517769,18333 Bothell Way NE,Bothell,WA,98011,US,,,USD,,,,,Takes 266.7 mins to the nearest Microsoft shuttle stop at N 45th St & Bagley Ave N,
95 Burnett,https://www.apartments.com/95-burnett-renton-wa/z4gt2qy/,2535183843,95 Burnett Ave S,Renton,WA,98057,US,,,USD,,,,,Takes 277.7 mins to the nearest Microsoft shuttle stop at Lenora St & 6th Ave,
Arterra Woods Apartments,https://www.apartments.com/arterra-woods-apartments-bothell-wa/gsdf96z/,4252170247,9627 NE 195th Cir,Bothell,WA,98011,US,,,USD,,,,,Takes 278 mins to the nearest Microsoft shuttle stop at N 45th St & Bagley Ave N,
Foundry on Fifth,https://www.apartments.com/foundry-on-fifth-renton-wa/4zt731h/,4259709618,200 SW 5th Pl,Renton,WA,98057,US,,,USD,,,,,Takes 278.6 mins to the nearest Microsoft shuttle stop at Lenora St & 6th Ave,
Bennett Properties Inc. DBA Villa Bonita,https://www.apartments.com/bennett-properties-inc-dba-villa-bonita-kirkland-wa/d91ey9h/,4254064170,9823 NE 130th Pl,Kirkland,WA,98034,US,,,USD,,,,,Takes 282.4 mins to the nearest Microsoft shuttle stop at N 34th St & Wallingford Ave N,
Metropolitan Collection Apartments,https://www.apartments.com/metropolitan-collection-apartments-renton-wa/yt5pvfv/,2069664846,339 Burnett Ave S,Renton,WA,98057,US,,,USD,,,,,Takes 284.1 mins to the nearest Microsoft shuttle stop at Lenora St & 6th Ave,
